English,Signs,Unicode Signs
Accuse,"aP&s""LG",റ⸝Ọ̮രⴱ☓ᕤ
Across,"b&""MGJ&",ΠỌ̮ⴱⴳᕤᘕỌ̮
Act 1,aP%8:LEGwy,റ⸝Ȯ̑ᑯᑲ☓Ṿᕤᣛᴺ
Act 2,pR%%Cvy,Ж℩Ȯ̑Ȯ̑ⵢ⁼ᴺ
Act 3,c%%Cvy,СȮ̑Ȯ̑ⵢ⁼ᴺ
Activity 1,pR%%Cvzzy,Ж℩Ȯ̑Ȯ̑ⵢ⁼⁷⁷ᴺ
Activity 2,c%%Cvzzy,СȮ̑Ȯ̑ⵢ⁼⁷⁷ᴺ
Add,p!!DxoSoSL,ЖⵀⵀᐲᙾО⁊О⁊☓
Address,a!8:MDvy,റⵀᑯᑲⴳᐲ⁼ᴺ
Adore,"s""6LGzz",രⴱ⩇☓ᕤ⁷⁷
Adult 1,aP%6LD0L,റ⸝Ȯ̑⩇☓ᐲᨓ☓
Adult 2,bS!!8S:SD/S1Sv,Π⁊ⵀⵀᑯ⁊ᑲ⁊ᐲᖌ⁊ᖍ⁊⁼
Advance 1,bS!!DNv,Π⁊ⵀⵀᐲ¦⁼
Advance 2,d(p(MB,∣ᓂЖᓂⴳᐳ
Advice,"oS$b""MGpy",О⁊ⵕΠⴱⴳᕤЖᴺ
Advise 1,"oSb""MGp",О⁊ΠⴱⴳᕤЖ
Advise 2,"oSb""MGpS",О⁊ΠⴱⴳᕤЖ⁊
Affix nut,o*d(BMB,Оⴲ∣ᓂᐳⴳᐳ
Afraid,p((9BAy,Жᓂᓂɤᐳᐸᴺ
Africa 1,a%3HL,റȮ̑⦣ꕊ☓
Africa 2,oS&ApSEoS,О⁊Ọ̮ᐸЖ⁊ṾО⁊
Afternoons,b$P%MJ!y,Πⵕ⸝Ȯ̑ⴳᘕⵀᴺ
Again,bS!b!IL,Π⁊ⵀΠⵀᘖ☓
Age,c%6LEsy,СȮ̑⩇☓Ṿരᴺ
Agree,d(0L-d!!IEv,∣ᓂᨓ☓-∣ⵀⵀᘖṾ⁼
Airplane,jP(5SGy,Ч⸝ᓂᒍ⁊ᕤᴺ
All 1,a&AdP,റỌ̮ᐸ∣⸝
All 2,"b""!JHL",Πⴱⵀᘕꕊ☓
All afternoon,"b)""MJ!Ez",ΠᓇⴱⴳᘕⵀṾ⁷
All day,"b)""MJ!ELz",ΠᓇⴱⴳᘕⵀṾ☓⁷
All morning,b)R%MDz,Πᓇ℩Ȯ̑ⴳᐲ⁷
All night 1,b)(MJ!Bz,Πᓇᓂⴳᘕⵀᐳ⁷
All night 2,"bS$""MJ!Ez",Π⁊ⵕⴱⴳᘕⵀṾ⁷
All of them,a&GAdP,റỌ̮ᕤᐸ∣⸝
All right,b&!MGJ%y,ΠỌ̮ⵀⴳᕤᘕȮ̑ᴺ
All week,d!b!LAzL,∣ⵀΠⵀ☓ᐸ⁷☓
Alligator,"pR!!LJ""Dvy",Ж℩ⵀⵀ☓ᘕⴱᐲ⁼ᴺ
"Allow, let",b!!J%G,ΠⵀⵀᘕȮ̑ᕤ
Almost,"b#""QLD",Πⵚⴱₒ☓ᐲ
Alone,"d""CyG",∣ⴱⵢᴺᕤ
Always,d&AFy,∣Ọ̮ᐸᘐᴺ
America,p++LHvy,Ж◷◷☓ꕊ⁼ᴺ
Among,d(n(GFyE,∣ᓂቨᓂᕤᘐᴺṾ
Amusement park,uR!GEwy,ᐯ℩ⵀᕤṾᣛᴺ
Analyze 1,u((ABuRy,ᐯᓂᓂᐸᐳᐯ℩ᴺ
Analyze 2,u++ABuRy,ᐯ◷◷ᐸᐳᐯ℩ᴺ
Ancestors,"b#""Q8DFwy",Πⵚⴱₒᑯᐲᘐᣛᴺ
And,"pS""AoS",Ж⁊ⴱᐸО⁊
Angry,pR!9DAB,Ж℩ⵀɤᐲᐸᐳ
Animal 1,p(9LBAy,Жᓂɤ☓ᐳᐸᴺ
Animal 2,b(9LBAy,Πᓂɤ☓ᐳᐸᴺ
Announce 1,d#6LIAB,∣ⵚ⩇☓ᘖᐸᐳ
Announce 2,"d(6LJ""AB",∣ᓂ⩇☓ᘕⴱᐸᐳ
Answer,"d""Q6L-d!69SLJ!v",∣ⴱₒ⩇☓-∣ⵀ⩇ɤ⁊☓ᘕⵀ⁼
Anxious,qP!9Lwy,ᕬ⸝ⵀɤ☓ᣛᴺ
Any,aP&IA,റ⸝Ọ̮ᘖᐸ
"Appear, show up",d(b+DL,∣ᓂΠ◷ᐲ☓
Apple,dR(6MJy,∣℩ᓂ⩇ⴳᘕᴺ
Apply-lipstick,dR!6Cy,∣℩ⵀ⩇ⵢᴺ
Appointment,"s$""HL",രⵕⴱꕊ☓
Approximately,p!Hy,Жⵀꕊᴺ
Argue,d((JDvy,∣ᓂᓂᘕᐲ⁼ᴺ
Arithmetic,k&%MBxy,७Ọ̮Ȯ̑ⴳᐳᙾᴺ
Arm,b#!MFGy,Πⵚⵀⴳᘐᕤᴺ
Army,a!8;Lvy,റⵀᑯᕟ☓⁼ᴺ
Arrive,"b""!J""L",Πⴱⵀᘕⴱ☓
"Ask for, request",b!!BAEL,ΠⵀⵀᐳᐸṾ☓
Ask-him,d!G:PdRN,∣ⵀᕤᑲ⸝∣℩¦
Assistant,aP%&DLy,റ⸝Ȯ̑Ọ̮ᐲ☓ᴺ
Astound,"uR!6LJ""E",ᐯ℩ⵀ⩇☓ᘕⴱṾ
Astounded 1,hR!!LE,⫪℩ⵀⵀ☓Ṿ
Astounded 2,"hR!!LJ""E",⫪℩ⵀⵀ☓ᘕⴱṾ
Attend,d!8S9SGJ!vy,∣ⵀᑯ⁊ɤ⁊ᕤᘕⵀ⁼ᴺ
Aunt,a%5LEy,റȮ̑ᒍ☓Ṿᴺ
Australia,b%0LIL,ΠȮ̑ᨓ☓ᘖ☓
"Avenge, get even",oQ!!DL,Оₒⵀⵀᐲ☓
Avoid,aP($LHF,റ⸝ᓂⵕ☓ꕊᘐ
Aw!,b!8SJ!,Πⵀᑯ⁊ᘕⵀ
Awful,q8%NqPzz,ᕬᑯȮ̑¦ᕬ⸝⁷⁷
Baby,"b!""LCvy",Πⵀⴱ☓ⵢ⁼ᴺ
Back,aP%8Fy,റ⸝Ȯ̑ᑯᘐᴺ
Back (cl),"b""NS",Πⴱ¦⁊
Backpack 1,a!8:Ly,റⵀᑯᑲ☓ᴺ
Backpack 2,dR!8:FLvzzy,∣℩ⵀᑯᑲᘐ☓⁼⁷⁷ᴺ
Backpack 3,a!8:FLvzzy,റⵀᑯᑲᘐ☓⁼⁷⁷ᴺ
Bacon,h((LKAB,⫪ᓂᓂ☓≈ᐸᐳ
Bad,b#6LIGNEzzN,Πⵚ⩇☓ᘖᕤ¦Ṿ⁷⁷¦
Bake,b!!<S9SG,ΠⵀⵀЭ⁊ɤ⁊ᕤ
Bald 1,qP!0(H,ᕬ⸝ⵀᨓᓂꕊ
Bald 2,"qP!s""H",ᕬ⸝ⵀരⴱꕊ
Ball,pR!!Ly,Ж℩ⵀⵀ☓ᴺ
Banana,dR(d%PMEy,∣℩ᓂ∣Ȯ̑⸝ⴳṾᴺ
Bandage,"h#""MAJ""",⫪ⵚⴱⴳᐸᘕⴱ
Barber,u%/1Fhvy-b$;=MEv,ᐯȮ̑ᖌᖍᘐ⫪⁼ᴺ-ΠⵕᕟᕞⴳṾ⁼
Bark,"b((6SJ""Gvy",Πᓂᓂ⩇⁊ᘕⴱᕤ⁼ᴺ
Baseball,s&%LGBvy,രỌ̮Ȯ̑☓ᕤᐳ⁼ᴺ
Basketball,p!!J%vy,ЖⵀⵀᘕȮ̑⁼ᴺ
Bath,a!8:MEDvzzy,റⵀᑯᑲⴳṾᐲ⁼⁷⁷ᴺ
Bathe,a!8:MEDvy,റⵀᑯᑲⴳṾᐲ⁼ᴺ
Bawl out,s&%LGpv,രỌ̮Ȯ̑☓ᕤЖ⁼
Be behind in,aP($LFy,റ⸝ᓂⵕ☓ᘐᴺ
Be raised,"b""8SD5SN",Πⴱᑯ⁊ᐲᒍ⁊¦
Bear,p!:8MEpRvy,ЖⵀᑲᑯⴳṾЖ℩⁼ᴺ
Bear [a child],"b""!LIE",Πⴱⵀ☓ᘖṾ
Bear with,a%6ME,റȮ̑⩇ⴳṾ
Beard,c!57LJGv&&L,Сⵀᒍᒐ☓ᘕᕤ⁼Ọ̮Ọ̮☓
Beat 1,s%&EuL,രȮ̑Ọ̮Ṿᐯ☓
Beat 2,s%&EhL,രȮ̑Ọ̮Ṿ⫪☓
Beat 3,s(Gu,രᓂᕤᐯ
Beat 4,s(Gh,രᓂᕤ⫪
"Beat up, abuse",s(d%PLALBy,രᓂ∣Ȯ̑⸝☓ᐸ☓ᐳᴺ
Become,b!!MJx,Πⵀⵀⴳᘕᙾ
Bee 1,bee,ΠΩΩ
Bee 2,fQ!5L-b%5LG,ᗐₒⵀᒍ☓-ΠȮ̑ᒍ☓ᕤ
Before 1,b!8FbSL,ΠⵀᑯᘐΠ⁊☓
Before 2,bS(b!LF,Π⁊ᓂΠⵀ☓ᘐ
Beg,"p""b""MpRy",ЖⴱΠⴱⴳЖ℩ᴺ
Behind 1,aP($LFzz,റ⸝ᓂⵕ☓ᘐ⁷⁷
Behind 2,aP($FBGL,റ⸝ᓂⵕᘐᐳᕤ☓
Believe,d(0L-c**EL,∣ᓂᨓ☓-СⴲⴲṾ☓
Bell,s%b!L-p%b!KA,രȮ̑Πⵀ☓-ЖȮ̑Πⵀ≈ᐸ
Bell ring,s%b!BL-p%b!JyA,രȮ̑Πⵀᐳ☓-ЖȮ̑Πⵀᘕᴺᐸ
Belly,b#<MEDy,ΠⵚЭⴳṾᐲᴺ
Below,"b""!LE",Πⴱⵀ☓Ṿ
Belt,h((<J!BAL,⫪ᓂᓂЭᘕⵀᐳᐸ☓
Bend,"oS!!MJ""v",О⁊ⵀⵀⴳᘕⴱ⁼
Berry,o*d(MJy,Оⴲ∣ᓂⴳᘕᴺ
Best,b#6LADaP,Πⵚ⩇☓ᐸᐲറ⸝
Bet,b&&IBAN,ΠỌ̮Ọ̮ᘖᐳᐸ¦
Better,b#6LAaP,Πⵚ⩇☓ᐸറ⸝
Bicycle 1,s%%Hwy,രȮ̑Ȯ̑ꕊᣛᴺ
Bicycle 2,s%%GEwy,രȮ̑Ȯ̑ᕤṾᣛᴺ
Bicycle 3,s%%Hwzzy,രȮ̑Ȯ̑ꕊᣛ⁷⁷ᴺ
Bid,b(2SDN,Πᓂᒙ⁊ᐲ¦
Bird,"g""6MoQy",⊃ⴱ⩇ⴳОₒᴺ
Birthday,"b!9L-b""!L",Πⵀɤ☓-Πⴱⵀ☓
Bite 1,c!b%GoL,СⵀΠȮ̑ᕤО☓
Bite 2,c!b&DoL,СⵀΠỌ̮ᐲО☓
Bite nails,pR!6By,Ж℩ⵀ⩇ᐳᴺ
Black,d%P0MA,∣Ȯ̑⸝ᨓⴳᐸ
Blanket,bS%9<Ly,Π⁊Ȯ̑ɤЭ☓ᴺ
Bless,"a""6LEGpv",റⴱ⩇☓ṾᕤЖ⁼
Blood,"d(6L-p#""LKE",∣ᓂ⩇☓-Жⵚⴱ☓≈Ṿ
Blood pressure (cuff),c*)PLy,Сⴲᓇ⸝☓ᴺ
Bloom,"b$$MJ""pS",ΠⵕⵕⴳᘕⴱЖ⁊
Blouse,p%8:LJE;=Lv,ЖȮ̑ᑯᑲ☓ᘕṾᕟᕞ☓⁼
Blow,"oS""6LGpS",О⁊ⴱ⩇☓ᕤЖ⁊
Blue,b&Iy,ΠỌ̮ᘖᴺ
Boast,aP%;=Lwy,റ⸝Ȯ̑ᕟᕞ☓ᣛᴺ
Boat,bR&&LGvy,Π℩Ọ̮Ọ̮☓ᕤ⁼ᴺ
Body,b#8:LELv,Πⵚᑯᑲ☓Ṿ☓⁼
Boil,p(b!<S9SKy,ЖᓂΠⵀЭ⁊ɤ⁊≈ᴺ
Bomb,s&%LABpSy,രỌ̮Ȯ̑☓ᐸᐳЖ⁊ᴺ
Book,b!!LJvy,Πⵀⵀ☓ᘕ⁼ᴺ
Boot,"b&s""SLy",ΠỌ̮രⴱ⁊☓ᴺ
Bored,d(3MJ,∣ᓂ⦣ⴳᘕ
Borrow,k&%LJ%Fv,७Ọ̮Ȯ̑☓ᘕȮ̑ᘐ⁼
Boss,pR!8ELy,Ж℩ⵀᑯṾ☓ᴺ
Bother,b&bP+GLy,ΠỌ̮Π⸝◷ᕤ☓ᴺ
Bow tie,hS!!9HLABhQ,⫪⁊ⵀⵀɤꕊ☓ᐸᐳ⫪ₒ
Bowl,bR&&LABIDv,Π℩Ọ̮Ọ̮☓ᐸᐳᘖᐲ⁼
Boy,cS%0MoSy,С⁊Ȯ̑ᨓⴳО⁊ᴺ
Bra,cQ!9MABy,Сₒⵀɤⴳᐸᐳᴺ
Bracelet,"cQ*s""SELy",Сₒⴲരⴱ⁊Ṿ☓ᴺ
Braid 1,a!!2JxyE,റⵀⵀᒙᘕᙾᴺṾ
Braid 2,aQ!!2JxyE,റₒⵀⵀᒙᘕᙾᴺṾ
Brave,pR!8:LGszzv,Ж℩ⵀᑯᑲ☓ᕤര⁷⁷⁼
Bread,"bS!b""LEy",Π⁊ⵀΠⴱ☓Ṿᴺ
Break,s%%LJAB,രȮ̑Ȯ̑☓ᘕᐸᐳ
Break down,pR((LJ!Ev,Ж℩ᓂᓂ☓ᘕⵀṾ⁼
Break open egg,c!!LIEv,Сⵀⵀ☓ᘖṾ⁼
Breast,bS!8LB:L,Π⁊ⵀᑯ☓ᐳᑲ☓
Breath,p!9<Gvzzy,ЖⵀɤЭᕤ⁼⁷⁷ᴺ
Breathe 1,p!9<Gvy,ЖⵀɤЭᕤ⁼ᴺ
Breathe 2,p!9<GFvy,ЖⵀɤЭᕤᘐ⁼ᴺ
Bribe,oS$b!MZGN,О⁊ⵕΠⵀⴳ⊥ᕤ¦
Bridge,u(b!LBL,ᐯᓂΠⵀ☓ᐳ☓
Bright,o!!LDABp,Оⵀⵀ☓ᐲᐸᐳЖ
Bring,b((8PF9Sv,Πᓂᓂᑯ⸝ᘐɤ⁊⁼
"Broad face, round face",c!57N,Сⵀᒍᒐ¦
Broke,b%8(ALv,ΠȮ̑ᑯᓂᐸ☓⁼
Broken down,pR((LJ!Ev,Ж℩ᓂᓂ☓ᘕⵀṾ⁼
Broom,b&!FLFzzy,ΠỌ̮ⵀᘐ☓ᘐ⁷⁷ᴺ
Brother,dP%0L-dP&%L,∣⸝Ȯ̑ᨓ☓-∣⸝Ọ̮Ȯ̑☓
Brown,b%5ME,ΠȮ̑ᒍⴳṾ
Bruise,b&I-c&)PL,ΠỌ̮ᘖ-СỌ̮ᓇ⸝☓
Brush,aQ!/Ezzy,റₒⵀᖌṾ⁷⁷ᴺ
Brush [hair],aQ!/Ey,റₒⵀᖌṾᴺ
Brush teeth,d%6By,∣Ȯ̑⩇ᐳᴺ
Build,"b#""LwyD",Πⵚⴱ☓ᣛᴺᐲ
Building,"b#""ELwy",ΠⵚⴱṾ☓ᣛᴺ
Bull 1,fQ*3Ly,ᗐₒⴲ⦣☓ᴺ
Bull 2,"iP""0Ly",Һ⸝ⴱᨓ☓ᴺ
Bumper-to-bumper traffic,p($Gvy,Жᓂⵕᕤ⁼ᴺ
Bumpy,b%&LJyG,ΠȮ̑Ọ̮☓ᘕᴺᕤ
Burn 1,bhrhS,Π⫪୪⫪⁊
Burn 2,pS&&KDv,Ж⁊Ọ̮Ọ̮≈ᐲ⁼
Burn down,s!DpKDv,രⵀᐲЖ≈ᐲ⁼
Burst into tears,dR!2Q4QLIEv,∣℩ⵀᒙₒᒜₒ☓ᘖṾ⁼
Bury,"b%%LJ""Fv",ΠȮ̑Ȯ̑☓ᘕⴱᘐ⁼
Bus,b&%LFx,ΠỌ̮Ȯ̑☓ᘐᙾ
Busy,"b$""MC",Πⵕⴱⴳⵢ
But,"d#""QLAB",∣ⵚⴱₒ☓ᐸᐳ
Butter,h#b!LFy,⫪ⵚΠⵀ☓ᘐᴺ
Butterfly,bP++MbTvy,Π⸝◷◷ⴳΠ℩⸝⁼ᴺ
Buy,oS(b!LGE,О⁊ᓂΠⵀ☓ᕤṾ
Bye,b!NbRy,Πⵀ¦Π℩ᴺ
Cabbage,pR$/Ly,Ж℩ⵕᖌ☓ᴺ
Cafeteria,c%6LBL,СȮ̑⩇☓ᐳ☓
California 1,jP(2L-iP&Iy,Ч⸝ᓂᒙ☓-Һ⸝Ọ̮ᘖᴺ
California 2,jP(2LiPy,Ч⸝ᓂᒙ☓Һ⸝ᴺ
Call on phone,iP!5FL,Һ⸝ⵀᒍᘐ☓
"Call, summon","b#""LFa",Πⵚⴱ☓ᘐറ
"Calm down, settle down",p%%Evy,ЖȮ̑Ȯ̑Ṿ⁼ᴺ
Camel,b&AJ,ΠỌ̮ᐸᘕ
Camera 1,dP%dT%57NdTy,∣⸝Ȯ̑∣℩⸝Ȯ̑ᒍᒐ¦∣℩⸝ᴺ
Camera 2,dP%%57NdTy,∣⸝Ȯ̑Ȯ̑ᒍᒐ¦∣℩⸝ᴺ
"Camp, tent",j((LEAB,Чᓂᓂ☓Ṿᐸᐳ
Camping,j((LEABy,Чᓂᓂ☓Ṿᐸᐳᴺ
Can,s!Ev,രⵀṾ⁼
Canada,a!8Ly,റⵀᑯ☓ᴺ
Candle,p$d(MK,Жⵕ∣ᓂⴳ≈
Candy,d(6MJy,∣ᓂ⩇ⴳᘕᴺ
Can't,"d#""QELE",∣ⵚⴱₒṾ☓Ṿ
"Capture, arrest","pR$""GsLv",Ж℩ⵕⴱᕤര☓⁼
Car,s&EDwzzy,രỌ̮Ṿᐲᣛ⁷⁷ᴺ
Car accident,p((BAsLzz,Жᓂᓂᐳᐸര☓⁷⁷
Cards,aQ!!LJ&y,റₒⵀⵀ☓ᘕỌ̮ᴺ
Carpenter,s&b!MGFy,രỌ̮Πⵀⴳᕤᘐᴺ
Carrot 1,aP%b!LJy,റ⸝Ȯ̑Πⵀ☓ᘕᴺ
Carrot 2,s%6J!y,രȮ̑⩇ᘕⵀᴺ
Carry,b&&AENvyA,ΠỌ̮Ọ̮ᐸṾ¦⁼ᴺᐸ
Cast a spell,s%%Gpv,രȮ̑Ȯ̑ᕤЖ⁼
Cat 1,fQ!5FLFy,ᗐₒⵀᒍᘐ☓ᘐᴺ
Cat 2,gX!5LAfQy,⊃ѵⵀᒍ☓ᐸᗐₒᴺ
Catch,p!!Fc$$L,ЖⵀⵀᘐСⵕⵕ☓
Catch up,aP($GL,റ⸝ᓂⵕᕤ☓
Cause,s&%LGpRv,രỌ̮Ȯ̑☓ᕤЖ℩⁼
Ceiling,b%%0SLAB,ΠȮ̑Ȯ̑ᨓ⁊☓ᐸᐳ
Celebrate,aQ!/1Hvy,റₒⵀᖌᖍꕊ⁼ᴺ
Cent 1,d(/LGN,∣ᓂᖌ☓ᕤ¦
Cent 2,d(0LGN,∣ᓂᨓ☓ᕤ¦
Center,bS!b!HL,Π⁊ⵀΠⵀꕊ☓
Certificate,c$$BALy,Сⵕⵕᐳᐸ☓ᴺ
Certify,c$$BAL,Сⵕⵕᐳᐸ☓
Chair,"hR#""QLy",⫪℩ⵚⴱₒ☓ᴺ
Challenge,aP((JLv,റ⸝ᓂᓂᘕ☓⁼
Change,oQ!!MJx,Оₒⵀⵀⴳᘕᙾ
Change mind,u(Q/LI(RL,ᐯᓂₒᖌ☓ᘖᓂ℩☓
Charge (credit card),s&b!MABNzz,രỌ̮Πⵀⴳᐸᐳ¦⁷⁷
"Charge, cost",dR(b!ELE,∣℩ᓂΠⵀṾ☓Ṿ
Chase,aP($HyG,റ⸝ᓂⵕꕊᴺᕤ
Chat,p&;=J&Evy,ЖỌ̮ᕟᕞᘕỌ̮Ṿ⁼ᴺ
Cheat,u+b%ELy,ᐯ◷ΠȮ̑Ṿ☓ᴺ
Check,d(3L-d#b!LG,∣ᓂ⦣☓-∣ⵚΠⵀ☓ᕤ
Cheek,bS#5MH,Π⁊ⵚᒍⴳꕊ
Cheese,pRbMJy,Ж℩Πⴳᘕᴺ
"Chemistry, science",aP%EGwy,റ⸝Ȯ̑Ṿᕤᣛᴺ
Cherish,e!6LEs,Ωⵀ⩇☓Ṿര
Cherry,o*i(MJy,ОⴲҺᓂⴳᘕᴺ
Chest,b#8:MEDvy,ΠⵚᑯᑲⴳṾᐲ⁼ᴺ
Chicago,c&AE,СỌ̮ᐸṾ
Children,b!EvyAB,ΠⵀṾ⁼ᴺᐸᐳ
Chin,g*6MGy,⊃ⴲ⩇ⴳᕤᴺ
Chinese 1,d(2QMJy,∣ᓂᒙₒⴳᘕᴺ
Chinese 2,d(:MANEN,∣ᓂᑲⴳᐸ¦Ṿ¦
Chocolate,"c$s""MHy",Сⵕരⴱⴳꕊᴺ
Choke,c*9(L,Сⴲɤᓂ☓
Choose,"gX""FfQ",⊃ѵⴱᘐᗐₒ
Chop,b&!LyJ!,ΠỌ̮ⵀ☓ᴺᘕⵀ
Chop [tree],b&)BLy,ΠỌ̮ᓇᐳ☓ᴺ
Christmas 1,c!/SJ,Сⵀᖌ⁊ᘕ
Christmas 2,pR%6LJE9L,Ж℩Ȯ̑⩇☓ᘕṾɤ☓
Church,"c#s""Ly",Сⵚരⴱ☓ᴺ
Cigarette,j#d%PLy,Чⵚ∣Ȯ̑⸝☓ᴺ
Clam,"bR$$MJ""J!v",Π℩ⵕⵕⴳᘕⴱᘕⵀ⁼
Clash,o!!LAB-p!!L,Оⵀⵀ☓ᐸᐳ-Жⵀⵀ☓
Class,c%%LJLv,СȮ̑Ȯ̑☓ᘕ☓⁼
Clean (adj),b!!LG,Πⵀⵀ☓ᕤ
Clean (v),b!!LGy,Πⵀⵀ☓ᕤᴺ
Clever,qP!/LIG,ᕬ⸝ⵀᖌ☓ᘖᕤ
Climb 1,pR!GNwyD,Ж℩ⵀᕤ¦ᣛᴺᐲ
Climb 2,uR(KDA,ᐯ℩ᓂ≈ᐲᐸ
Clip-nails,aP(p(QNsQyG,റ⸝ᓂЖᓂₒ¦രₒᴺᕤ
Clobber,s&%LGJ&Ev,രỌ̮Ȯ̑☓ᕤᘕỌ̮Ṿ⁼
Clock (wall),"dR!s""SL-cQ!!3PN",∣℩ⵀരⴱ⁊☓-Сₒⵀⵀ⦣⸝¦
Close,b%%BAL,ΠȮ̑Ȯ̑ᐳᐸ☓
Close door,b%%IAL,ΠȮ̑Ȯ̑ᘖᐸ☓
Close window,b&%EL,ΠỌ̮Ȯ̑Ṿ☓
Closet,dR#d%LyA,∣℩ⵚ∣Ȯ̑☓ᴺᐸ
"Cloth, material",a!6MCy,റⵀ⩇ⴳⵢᴺ
Clothes,p%8:LEvy,ЖȮ̑ᑯᑲ☓Ṿ⁼ᴺ
Clown,pR!3Ly,Ж℩ⵀ⦣☓ᴺ
Coat,aP!8:MEBA,റ⸝ⵀᑯᑲⴳṾᐳᐸ
Coconut,c!!LGvy,Сⵀⵀ☓ᕤ⁼ᴺ
Coffee,s&%MHy,രỌ̮Ȯ̑ⴳꕊᴺ
Coke,dP()SMK,∣⸝ᓂᓇ⁊ⴳ≈
Cold,s!!BAy,രⵀⵀᐳᐸᴺ
"Collect, gather",pR&b!J!yB,Ж℩Ọ̮Πⵀᘕⵀᴺᐳ
College,b!!LAD,Πⵀⵀ☓ᐸᐲ
Color,p#6MK,Жⵚ⩇ⴳ≈
Columns,cQ&OSEyA,СₒỌ̮¦ᐨ⁊Ṿᴺᐸ
Comb (v),pR!/Ey,Ж℩ⵀᖌṾᴺ
Comb (n),pR!/Ezzy,Ж℩ⵀᖌṾ⁷⁷ᴺ
Combine,pR++BAL,Ж℩◷◷ᐳᐸ☓
Come,d&&FdSv,∣Ọ̮Ọ̮ᘐ∣⁊⁼
Come together,c!!BAL,Сⵀⵀᐳᐸ☓
Comfortable,"b!""LAw",Πⵀⴱ☓ᐸᣛ
"Command, order","d""Q6LAJ!G",∣ⴱₒ⩇☓ᐸᘕⵀᕤ
Communicate,c%6LGwy,СȮ̑⩇☓ᕤᣛᴺ
Commute,"aP""GFy",റ⸝ⴱᕤᘐᴺ
Compare,"c""Jwy",Сⴱᘕᣛᴺ
Comparison,c&Jwzzy,СỌ̮ᘕᣛ⁷⁷ᴺ
Compass,k!b!MJy,७ⵀΠⵀⴳᘕᴺ
"Compete, race",aP!!JIxy,റ⸝ⵀⵀᘕᘖᙾᴺ
Complain,pR!9Ly,Ж℩ⵀɤ☓ᴺ
"Complete, end",b&%MA-b#(ME,ΠỌ̮Ȯ̑ⴳᐸ-ΠⵚᓂⴳṾ
Computer,c$0Ly,Сⵕᨓ☓ᴺ
Concentrate,c&%Msvzz,СỌ̮Ȯ̑ⴳര⁼⁷⁷
"Confess, admit",bT!;=LDJGv,Π℩⸝ⵀᕟᕞ☓ᐲᘕᕤ⁼
Conflict,d((BA&P%PL,∣ᓂᓂᐳᐸỌ̮⸝Ȯ̑⸝☓
Confuse,d(0L-pR!!Hwy,∣ᓂᨓ☓-Ж℩ⵀⵀꕊᣛᴺ
Connect,gX!!ABfQL,⊃ѵⵀⵀᐸᐳᗐₒ☓
"Conquer, beat","s$""SMJ!",രⵕⴱ⁊ⴳᘕⵀ
"Control, manage",aQ!!GFxy,റₒⵀⵀᕤᘐᙾᴺ
Convince,b&d%PBL,ΠỌ̮∣Ȯ̑⸝ᐳ☓
Cook,b!!LJL,Πⵀⵀ☓ᘕ☓
Copy,pS$b!FoSEL,Ж⁊ⵕΠⵀᘐО⁊Ṿ☓
Copy machine,p!b!LEoy,ЖⵀΠⵀ☓ṾОᴺ
Corn,d%P3MJy,∣Ȯ̑⸝⦣ⴳᘕᴺ
Corn on the cob,c!!6DJ!Gvy,Сⵀⵀ⩇ᐲᘕⵀᕤ⁼ᴺ
"Correct, cancel",d(b!LELF,∣ᓂΠⵀ☓Ṿ☓ᘐ
Correspond,s!!Bdwy,രⵀⵀᐳ∣ᣛᴺ
Cough (v),c!9MJ&y,СⵀɤⴳᘕỌ̮ᴺ
Cough (n),c!9MJ&zzy,СⵀɤⴳᘕỌ̮⁷⁷ᴺ
Count,fQ!b!MGy,ᗐₒⵀΠⵀⴳᕤᴺ
Country 1,b!)MHy,Πⵀᓇⴳꕊᴺ
Country 2,iP!s)MHy,Һ⸝ⵀരᓇⴳꕊᴺ
Cousin (unisex),c%2Iy,СȮ̑ᒙᘖᴺ
"Cousin, female",c!5Iy,Сⵀᒍᘖᴺ
"Cousin, male",c!/Iy,Сⵀᖌᘖᴺ
Cow,iP%/MIy,Һ⸝Ȯ̑ᖌⴳᘖᴺ
Cracked,b&!MEFE,ΠỌ̮ⵀⴳṾᘐṾ
Crawl,"uR""b!MKA",ᐯ℩ⴱΠⵀⴳ≈ᐸ
Crayon,p#6MK-oS!b!MGy,Жⵚ⩇ⴳ≈-О⁊ⵀΠⵀⴳᕤᴺ
Crew-cut,g$0(MDF,⊃ⵕᨓᓂⴳᐲᘐ
Crow,"oQ""6Ggy",Оₒⴱ⩇ᕤ⊃ᴺ
Crowd,s%%9SJFzzv,രȮ̑Ȯ̑ɤ⁊ᘕᘐ⁷⁷⁼
"Crumpled, wrinkled",p!!JpRx,ЖⵀⵀᘕЖ℩ᙾ
Cry,d(57MEdRvy,∣ᓂᒍᒐⴳṾ∣℩⁼ᴺ
Cup 1,c&b!LDy,СỌ̮Πⵀ☓ᐲᴺ
Cup 2,c&b!Ly,СỌ̮Πⵀ☓ᴺ
Curious,fQ!9(MJy,ᗐₒⵀɤᓂⴳᘕᴺ
Curl hair,r%/1DFENvyF,୪Ȯ̑ᖌᖍᐲᘐṾ¦⁼ᴺᘐ
Curtains,n%%MABD,ቨȮ̑Ȯ̑ⴳᐸᐳᐲ
Cut 1,"d(b""MA",∣ᓂΠⴱⴳᐸ
Cut 2,d(b!MA,∣ᓂΠⵀⴳᐸ
Cut class,d#qP!BLBy,∣ⵚᕬ⸝ⵀᐳ☓ᐳᴺ
Cut hair,u%57Ghvy,ᐯȮ̑ᒍᒐᕤ⫪⁼ᴺ
Cute,h#6LEy,⫪ⵚ⩇☓Ṿᴺ
Dance (n),uS(b!Izzy,ᐯ⁊ᓂΠⵀᘖ⁷⁷ᴺ
Dance (v),uS!b!Iy,ᐯ⁊ⵀΠⵀᘖᴺ
Dark,b&&5S7SJ&BA,ΠỌ̮Ọ̮ᒍ⁊ᒐ⁊ᘕỌ̮ᐳᐸ
Darn,s&b!ELJD,രỌ̮ΠⵀṾ☓ᘕᐲ
Darts,aQ!GcQy,റₒⵀᕤСₒᴺ
Daughter,b%6L-b&)RL,ΠȮ̑⩇☓-ΠỌ̮ᓇ℩☓
Day,"d)b""MJ!BL",∣ᓇΠⴱⴳᘕⵀᐳ☓
Dead,"b""JA",Πⴱᘕᐸ
Deaf,d#2LG6L,∣ⵚᒙ☓ᕤ⩇☓
Decide,d(0L-fQ&ENv,∣ᓂᨓ☓-ᗐₒỌ̮Ṿ¦⁼
Decorate,oS!!MJxy,О⁊ⵀⵀⴳᘕᙾᴺ
Decoration,oS!!MJxzzy,О⁊ⵀⵀⴳᘕᙾ⁷⁷ᴺ
Decrease,"h#""QLJA",⫪ⵚⴱₒ☓ᘕᐸ
Deduct,pR!b!LEs,Ж℩ⵀΠⵀ☓Ṿര
Deduction,c!b!LEsy,СⵀΠⵀ☓Ṿരᴺ
Deer,p%/1LGv,ЖȮ̑ᖌᖍ☓ᕤ⁼
Defend,s&%99SGvy,രỌ̮Ȯ̑ɤɤ⁊ᕤ⁼ᴺ
Defense,s&%Gvzzy,രỌ̮Ȯ̑ᕤ⁼⁷⁷ᴺ
Deflate,"cS$b""MoS",С⁊ⵕΠⴱⴳО⁊
Delicious 1,qP!6LGzz,ᕬ⸝ⵀ⩇☓ᕤ⁷⁷
Delicious 2,q!6LGqW,ᕬⵀ⩇☓ᕤᕬꞃ
"Demand, require",dR!b!LFvzz,∣℩ⵀΠⵀ☓ᘐ⁼⁷⁷
Denmark 1,dQ%0Ey,∣ₒȮ̑ᨓṾᴺ
Denmark 2,uP!:DEyA8,ᐯ⸝ⵀᑲᐲṾᴺᐸᑯ
Dentist,dR!6(Ly,∣℩ⵀ⩇ᓂ☓ᴺ
Depart,b%%Aav,ΠȮ̑Ȯ̑ᐸറ⁼
Depend on,"d#""PLEvy",∣ⵚⴱ⸝☓Ṿ⁼ᴺ
Deposit,aP%%LIAB,റ⸝Ȯ̑Ȯ̑☓ᘖᐸᐳ
Depressed,qP!9MEv,ᕬ⸝ⵀɤⴳṾ⁼
Derive,u!!EuRv,ᐯⵀⵀṾᐯ℩⁼
Describe (d),dQ!!MGFxy,∣ₒⵀⵀⴳᕤᘐᙾᴺ
Destroy,pR!!FaLGx,Ж℩ⵀⵀᘐറ☓ᕤᙾ
Deteriorate,aP&JvyE,റ⸝Ọ̮ᘕ⁼ᴺṾ
Diamond,"dQ!b""LJyD",∣ₒⵀΠⴱ☓ᘕᴺᐲ
Dice,a&By-a&Bp,റỌ̮ᐳᴺ-റỌ̮ᐳЖ
Dictionary,dQ!b!LFy,∣ₒⵀΠⵀ☓ᘐᴺ
Die 1,"b""JA",Πⴱᘕᐸ
Die 2,b%&JxAv,ΠȮ̑Ọ̮ᘕᙾᐸ⁼
Different,"d#""QLAB",∣ⵚⴱₒ☓ᐸᐳ
Dig,"bR""Qb!FLFy",Π℩ⴱₒΠⵀᘐ☓ᘐᴺ
Digressing,d((LB,∣ᓂᓂ☓ᐳ
Dinosaur,"o)b""MIy",ОᓇΠⴱⴳᘖᴺ
Dirty,"p""6MK",Жⴱ⩇ⴳ≈
Disagree,d(0L-d((LAB,∣ᓂᨓ☓-∣ᓂᓂ☓ᐸᐳ
Disappoint(ed),d(6FLzz,∣ᓂ⩇ᘐ☓⁷⁷
Disconnect,fQ**LABp,ᗐₒⴲⴲ☓ᐸᐳЖ
Discuss,d&Pb!ELy,∣Ọ̮⸝ΠⵀṾ☓ᴺ
Disgusted,pR!9MHy,Ж℩ⵀɤⴳꕊᴺ
Dish 1,dT%%EN,∣℩⸝Ȯ̑Ȯ̑Ṿ¦
Dish 2,cQ%%EN,СₒȮ̑Ȯ̑Ṿ¦
"Disobey, rebel",s%8IAzz,രȮ̑ᑯᘖᐸ⁷⁷
"Distrust, be defensive",s&8SGNv,രỌ̮ᑯ⁊ᕤ¦⁼
Dive,"h(""QLJE",⫪ᓂⴱₒ☓ᘕṾ
Divide,b&%LIEAB,ΠỌ̮Ȯ̑☓ᘖṾᐸᐳ
Divorce,dQ!!LIAB,∣ₒⵀⵀ☓ᘖᐸᐳ
Dizzy,pR!0Hy,Ж℩ⵀᨓꕊᴺ
Do errands,dQ&&hQHvy,∣ₒỌ̮Ọ̮⫪ₒꕊ⁼ᴺ
Doctor 1,dQ!$SLy,∣ₒⵀⵕ⁊☓ᴺ
Doctor 2,fS!$SLy,ᗐ⁊ⵀⵕ⁊☓ᴺ
Doesn't matter,"b#""QFLFwy",Πⵚⴱₒᘐ☓ᘐᣛᴺ
Dog,dQ!Ngy,∣ₒⵀ¦⊃ᴺ
Doll,dR%3LEy,∣℩Ȯ̑⦣☓Ṿᴺ
Dollar,o*b#LAy,ОⴲΠⵚ☓ᐸᴺ
Dominos,hS!!Lvy,⫪⁊ⵀⵀ☓⁼ᴺ
Donkey,bP%/MbUy,Π⸝Ȯ̑ᖌⴳΠ⁊⸝ᴺ
Don't care 1,d(3LIG,∣ᓂ⦣☓ᘖᕤ
Don't care 2,o!3LIGp,Оⵀ⦣☓ᘖᕤЖ
Don't know,b(0LIG,Πᓂᨓ☓ᘖᕤ
Don't want,pR&&Ivzz,Ж℩Ọ̮Ọ̮ᘖ⁼⁷⁷
Door,b%%LJAy,ΠȮ̑Ȯ̑☓ᘕᐸᴺ
Dormatory,dQ!5LFL,∣ₒⵀᒍ☓ᘐ☓
Dotted,pT!b!LyE,Ж℩⸝ⵀΠⵀ☓ᴺṾ
"Doubt, disbelieve",u!3NuRy,ᐯⵀ⦣¦ᐯ℩ᴺ
"Doubt, have reservations or misgivings about",s!Ewy,രⵀṾᣛᴺ
Down,d(E;S,∣ᓂṾᕟ⁊
"Drama, play",aP%8:LEGwy,റ⸝Ȯ̑ᑯᑲ☓Ṿᕤᣛᴺ
Draw,i(b!CE,ҺᓂΠⵀⵢṾ
Drawer,s&&;S=SFvy,രỌ̮Ọ̮ᕟ⁊ᕞ⁊ᘐ⁼ᴺ
Dream,d(0LKG,∣ᓂᨓ☓≈ᕤ
Dressing,iP%b!Hy,Һ⸝Ȯ̑Πⵀꕊᴺ
Drill (v),dP(b+ME,∣⸝ᓂΠ◷ⴳṾ
Drill (n),dP(b+MEy,∣⸝ᓂΠ◷ⴳṾᴺ
Drink (v),cQ$6MI,Сₒⵕ⩇ⴳᘖ
Drink (n),cQ%6MIy,СₒȮ̑⩇ⴳᘖᴺ
Drip,n(d%LEy,ቨᓂ∣Ȯ̑☓Ṿᴺ
Drive,s&EDwy,രỌ̮Ṿᐲᣛᴺ
Drive a screw,h(b!MJ,⫪ᓂΠⵀⴳᘕ
Drop,s!;S=SEpv,രⵀᕟ⁊ᕞ⁊ṾЖ⁼
Drop jaw,"uR!6LJ""E",ᐯ℩ⵀ⩇☓ᘕⴱṾ
Dropper,g!NVoQy,⊃ⵀ¦ʟОₒᴺ
Dry,d%6MAdR,∣Ȯ̑⩇ⴳᐸ∣℩
Dryer,d%6MAdRy,∣Ȯ̑⩇ⴳᐸ∣℩ᴺ
Duck,"hZ""6MhQy",⫪⊥ⴱ⩇ⴳ⫪ₒᴺ
Dutch,iP%3LEG,Һ⸝Ȯ̑⦣☓Ṿᕤ
"Each, every",aP($LEy,റ⸝ᓂⵕ☓Ṿᴺ
Early,"qP!b""LDG",ᕬ⸝ⵀΠⴱ☓ᐲᕤ
Early morning,b)R&;MGN,Πᓇ℩Ọ̮ᕟⴳᕤ¦
Earmuffs,b!24Lvy,Πⵀᒙᒜ☓⁼ᴺ
Earn,pR&b!BFsL,Ж℩Ọ̮Πⵀᐳᘐര☓
Earring (clip-on),hP!24MhQy,⫪⸝ⵀᒙᒜⴳ⫪ₒᴺ
Earrings,dT!24MoQy,∣℩⸝ⵀᒙᒜⴳОₒᴺ
Earth,"q*s""MJy",ᕬⴲരⴱⴳᘕᴺ
East,e&AN,ΩỌ̮ᐸ¦
Easter,e&/S1SIvy,ΩỌ̮ᖌ⁊ᖍ⁊ᘖ⁼ᴺ
Easy,"b#""QLDy",Πⵚⴱₒ☓ᐲᴺ
Eat 1,oS!6L,О⁊ⵀ⩇☓
Eat 2,oS!6FL,О⁊ⵀ⩇ᘐ☓
Eat 3,oS!6Ly,О⁊ⵀ⩇☓ᴺ
Echo,d(b!BLG,∣ᓂΠⵀᐳ☓ᕤ
Eek!!,e%6LGABkN,ΩȮ̑⩇☓ᕤᐸᐳ७¦
Egg,h&P%PLIvy,⫪Ọ̮⸝Ȯ̑⸝☓ᘖ⁼ᴺ
Egypt,"dR""0Ly",∣℩ⴱᨓ☓ᴺ
Elaborate,pR%%HxyD,Ж℩Ȯ̑Ȯ̑ꕊᙾᴺᐲ
Elbow,d()Ly,∣ᓂᓇ☓ᴺ
Electric(ity),dR((BALy,∣℩ᓂᓂᐳᐸ☓ᴺ
Electric outlet,u++GLy,ᐯ◷◷ᕤ☓ᴺ
Elephant,"b""3L-b(GEG",Πⴱ⦣☓-ΠᓂᕤṾᕤ
Elevator,e%d%MDy,ΩȮ̑∣Ȯ̑ⴳᐲᴺ
Embarrassed,p!57FDwy,Жⵀᒍᒐᘐᐲᣛᴺ
Emergency,e&Ay,ΩỌ̮ᐸᴺ
Emphasize,aP%b!MJ,റ⸝Ȯ̑Πⵀⴳᘕ
Empty,"qP!b""LG",ᕬ⸝ⵀΠⴱ☓ᕤ
"Empty, all gone",c&b!MGs,СỌ̮Πⵀⴳᕤര
Encourage,b$$GDvy,Πⵕⵕᕤᐲ⁼ᴺ
England,"bR!""LFvy",Π℩ⵀⴱ☓ᘐ⁼ᴺ
Enjoy,b!9<MHxy,ΠⵀɤЭⴳꕊᙾᴺ
Enter,"b""!MG",Πⴱⵀⴳᕤ
Enthusiastic,b!!MGFxy,Πⵀⵀⴳᕤᘐᙾᴺ
Envisage,s&%0LABc,രỌ̮Ȯ̑ᨓ☓ᐸᐳС
Equipment,"e""EyA",ΩⴱṾᴺᐸ
-Er 1,b$;=MEv,ΠⵕᕟᕞⴳṾ⁼
-Er 2,b&;S=SEv,ΠỌ̮ᕟ⁊ᕞ⁊Ṿ⁼
Erase,s&b!MFGy,രỌ̮Πⵀⴳᘐᕤᴺ
Eraser,s&b!MFGzzy,രỌ̮Πⵀⴳᘐᕤ⁷⁷ᴺ
Escape,d(b+LG,∣ᓂΠ◷☓ᕤ
Establish,"aP&s""JEL",റ⸝Ọ̮രⴱᘕṾ☓
Europe,e!0HL,Ωⵀᨓꕊ☓
Every afternoon,b)%MA,ΠᓇȮ̑ⴳᐸ
Every day,a!5LGy,റⵀᒍ☓ᕤᴺ
Every Friday,"fQ""E",ᗐₒⴱṾ
"Every hour, hourly",d!b!MHy,∣ⵀΠⵀⴳꕊᴺ
Every Monday 1,"mS""E",爪⁊ⴱṾ
Every Monday 2,"mR""E",爪℩ⴱṾ
Every month,"d""Q""QMEy",∣ⴱₒⴱₒⴳṾᴺ
"Every month, monthly",d(S(SMEy,∣ᓂ⁊ᓂ⁊ⴳṾᴺ
Every morning,b)R&MA,Πᓇ℩Ọ̮ⴳᐸ
Every night,bS$%MA,Π⁊ⵕȮ̑ⴳᐸ
Every Saturday,"s""E",രⴱṾ
Every Sunday,b%%/S1SEv,ΠȮ̑Ȯ̑ᖌ⁊ᖍ⁊Ṿ⁼
Every Thursday 1,h&E,⫪Ọ̮Ṿ
Every Thursday 2,t!NhyE,൪ⵀ¦⫪ᴺṾ
Every Tuesday,"t""E",൪ⴱṾ
Every Wednesday,"f""E",ᗐⴱṾ
"Every week, weekly",d!b!MAy,∣ⵀΠⵀⴳᐸᴺ
"Every year, yearly",s&%LGdy,രỌ̮Ȯ̑☓ᕤ∣ᴺ
Exact(ly),oQ!!HL,Оₒⵀⵀꕊ☓
Exchange,aQ((FEGx,റₒᓂᓂᘐṾᕤᙾ
"Excite, thrill",qP!8:LIDvzz,ᕬ⸝ⵀᑯᑲ☓ᘖᐲ⁼⁷⁷
Excited,qP!9LDwy,ᕬ⸝ⵀɤ☓ᐲᣛᴺ
Excuse (v),b#!LGy,Πⵚⵀ☓ᕤᴺ
Excuse (n),b$!LGzzy,Πⵕⵀ☓ᕤ⁷⁷ᴺ
Excuse me,bS#b!LGy,Π⁊ⵚΠⵀ☓ᕤᴺ
Exercise (v),s%8:DABy,രȮ̑ᑯᑲᐲᐸᐳᴺ
Exercise (n),s%8:DABzzy,രȮ̑ᑯᑲᐲᐸᐳ⁷⁷ᴺ
Exit,"p""c*LGo",ЖⴱСⴲ☓ᕤО
Expect,d(0L-b%5S:SNbSvy,∣ᓂᨓ☓-ΠȮ̑ᒍ⁊ᑲ⁊¦Π⁊⁼ᴺ
Experience,pS!5LEoy,Ж⁊ⵀᒍ☓ṾОᴺ
Explain (f),fQ!!MGFxy,ᗐₒⵀⵀⴳᕤᘐᙾᴺ
Explode,s&%LABpS,രỌ̮Ȯ̑☓ᐸᐳЖ⁊
Eye,d(2QLy,∣ᓂᒙₒ☓ᴺ
Eye lashes,n%2Q4QLGD,ቨȮ̑ᒙₒᒜₒ☓ᕤᐲ
Eyebrow,g!0MA,⊃ⵀᨓⴳᐸ
Eyeglasses,g%2Q4QMABoQvy,⊃Ȯ̑ᒙₒᒜₒⴳᐸᐳОₒ⁼ᴺ
Eyes,d(2QLB4QL,∣ᓂᒙₒ☓ᐳᒜₒ☓
Face (v),b!!9S9PGxDv,Πⵀⵀɤ⁊ɤ⸝ᕤᙾᐲ⁼
Face (n),d(3H,∣ᓂ⦣ꕊ
Face-down (cl),b!NV,Πⵀ¦ʟ
Fail,"u""b!LG",ᐯⴱΠⵀ☓ᕤ
Fake 1,d%3BLB,∣Ȯ̑⦣ᐳ☓ᐳ
Fake 2,d%6BLB,∣Ȯ̑⩇ᐳ☓ᐳ
"Fall, autumn",b%s)MEy,ΠȮ̑രᓇⴳṾᴺ
Fall,u(b!LJE,ᐯᓂΠⵀ☓ᘕṾ
Fall asleep 1,bR&%JEL,Π℩Ọ̮Ȯ̑ᘕṾ☓
Fall asleep 2,pR%3N-a!!L,Ж℩Ȯ̑⦣¦-റⵀⵀ☓
Fall down flat,b$(GJ!ENzz,ΠⵕᓂᕤᘕⵀṾ¦⁷⁷
Fall in love,d(3L-d!b!LG,∣ᓂ⦣☓-∣ⵀΠⵀ☓ᕤ
Fall out,"k""/1JGwy",७ⴱᖌᖍᘕᕤᣛᴺ
Family,fQ%%LJLv,ᗐₒȮ̑Ȯ̑☓ᘕ☓⁼
Famous,d(57LHAB,∣ᓂᒍᒐ☓ꕊᐸᐳ
Far,a!!LDGzz,റⵀⵀ☓ᐲᕤ⁷⁷
Farmer,p%6MAy,ЖȮ̑⩇ⴳᐸᴺ
Fast,dP($FdTzzv,∣⸝ᓂⵕᘐ∣℩⸝⁷⁷⁼
Fat,pR!57ABzN,Ж℩ⵀᒍᒐᐸᐳ⁷¦
Father,p%0Ly,ЖȮ̑ᨓ☓ᴺ
Faucet,pR!J&zzy,Ж℩ⵀᘕỌ̮⁷⁷ᴺ
"Fear, be afraid",p!9<Bxy,ЖⵀɤЭᐳᙾᴺ
Feed,oS!6L-oS&&Gvy,О⁊ⵀ⩇☓-О⁊Ọ̮Ọ̮ᕤ⁼ᴺ
Feel,qP!9LDy,ᕬ⸝ⵀɤ☓ᐲᴺ
Fence,n((LAB,ቨᓂᓂ☓ᐸᐳ
Few 1,a%An,റȮ̑ᐸቨ
Few 2,a%J%n,റȮ̑ᘕȮ̑ቨ
Fight,s&%BLBxy,രỌ̮Ȯ̑ᐳ☓ᐳᙾᴺ
Figure,a%%AByE,റȮ̑Ȯ̑ᐸᐳᴺṾ
Figure out,k&%MBxy,७Ọ̮Ȯ̑ⴳᐳᙾᴺ
File,h#(MGFy,⫪ⵚᓂⴳᕤᘐᴺ
File nails,h#d(MGFzzy,⫪ⵚ∣ᓂⴳᕤᘐ⁷⁷ᴺ
Fill,p!s%BMB,ЖⵀരȮ̑ᐳⴳᐳ
Fill with gas,aP%s%J%L,റ⸝Ȯ̑രȮ̑ᘕȮ̑☓
Film,fQ$b!MJ&y,ᗐₒⵕΠⵀⴳᘕỌ̮ᴺ
Filthy,"s""6Mpzz",രⴱ⩇ⴳЖ⁷⁷
Find 1,"p""DfQ",Жⴱᐲᗐₒ
Find 2,gXDfQ,⊃ѵᐲᗐₒ
Fine,p%9LGy,ЖȮ̑ɤ☓ᕤᴺ
Finger,d(p#MA,∣ᓂЖⵚⴳᐸ
Fingernail clipper,aP(p(NsQy,റ⸝ᓂЖᓂ¦രₒᴺ
Fingerspell,p&KAy,ЖỌ̮≈ᐸᴺ
Finish,p&Izzv,ЖỌ̮ᘖ⁷⁷⁼
Finland,dR!6Ly,∣℩ⵀ⩇☓ᴺ
Fire 1,"b""Qs%FLF",ΠⴱₒരȮ̑ᘐ☓ᘐ
Fire 2,pS&&KDv,Ж⁊Ọ̮Ọ̮≈ᐲ⁼
Fireman,"b""S0Ly",Πⴱ⁊ᨓ☓ᴺ
Fireplace,p(KDGwy,Жᓂ≈ᐲᕤᣛᴺ
Fireworks,d(8PD/P-s%&AB-d%%LDwy,∣ᓂᑯ⸝ᐲᖌ⸝-രȮ̑Ọ̮ᐸᐳ-∣Ȯ̑Ȯ̑☓ᐲᣛᴺ
First,d#aP#JL,∣ⵚറ⸝ⵚᘕ☓
Fish (v),a&%J%vy,റỌ̮Ȯ̑ᘕȮ̑⁼ᴺ
Fish (n),b$(LJ!G,Πⵕᓂ☓ᘕⵀᕤ
Fit,pR++GL,Ж℩◷◷ᕤ☓
Fix,fQ!JdRzz,ᗐₒⵀᘕ∣℩⁷⁷
Flat,b%&LG,ΠȮ̑Ọ̮☓ᕤ
Flat tire,"cS$b""MoS",С⁊ⵕΠⴱⴳО⁊
Flavor,qP!6Ly,ᕬ⸝ⵀ⩇☓ᴺ
Flexible,"oS*b#LJ""vy",О⁊ⴲΠⵚ☓ᘕⴱ⁼ᴺ
Flirt,p%%LKGvy,ЖȮ̑Ȯ̑☓≈ᕤ⁼ᴺ
Floor,b%%LAB,ΠȮ̑Ȯ̑☓ᐸᐳ
Flounder,p%%DEwy,ЖȮ̑Ȯ̑ᐲṾᣛᴺ
Flower,o!3LJBL,Оⵀ⦣☓ᘕᐳ☓
Flunk,fQ%b!BL,ᗐₒȮ̑Πⵀᐳ☓
Fly,jP(DG5SN,Ч⸝ᓂᐲᕤᒍ⁊¦
Fly a kite,aQ&9S1SEvy,റₒỌ̮ɤ⁊ᖍ⁊Ṿ⁼ᴺ
Fold over,b&&MI!!L,ΠỌ̮Ọ̮ⴳᘖⵀⵀ☓
Folder,g*b&MD,⊃ⴲΠỌ̮ⴳᐲ
Follow,aP($LGv,റ⸝ᓂⵕ☓ᕤ⁼
Food,oS!6Ly,О⁊ⵀ⩇☓ᴺ
Fool (v),a!d%PGL,റⵀ∣Ȯ̑⸝ᕤ☓
Foolish,iP%3J!B,Һ⸝Ȯ̑⦣ᘕⵀᐳ
Football,p++BAy,Ж◷◷ᐳᐸᴺ
For,d(0LJG,∣ᓂᨓ☓ᘕᕤ
Forbid,iP!b!BLzz,Һ⸝ⵀΠⵀᐳ☓⁷⁷
Forehead,d(0MH,∣ᓂᨓⴳꕊ
Forever,d(/LGH-iP(G,∣ᓂᖌ☓ᕤꕊ-Һ⸝ᓂᕤ
Forget,b#0LAaP,Πⵚᨓ☓ᐸറ⸝
Formula,fQ%b!LEL,ᗐₒȮ̑Πⵀ☓Ṿ☓
Fox,fQ%3MJ!y,ᗐₒȮ̑⦣ⴳᘕⵀᴺ
Frame 1,g%%LABNENBAL,⊃Ȯ̑Ȯ̑☓ᐸᐳ¦Ṿ¦ᐳᐸ☓
Frame 2,gX%%LABNENBAL,⊃ѵȮ̑Ȯ̑☓ᐸᐳ¦Ṿ¦ᐳᐸ☓
Frame 3,fQ%%LABNENBAL,ᗐₒȮ̑Ȯ̑☓ᐸᐳ¦Ṿ¦ᐳᐸ☓
France,"fQ""JD",ᗐₒⴱᘕᐲ
Freckles,pR!57LvyE,Ж℩ⵀᒍᒐ☓⁼ᴺṾ
Free,"fQ""S$SLIAB",ᗐₒⴱ⁊ⵕ⁊☓ᘖᐸᐳ
Freeze,p%%GpRzzv,ЖȮ̑Ȯ̑ᕤЖ℩⁷⁷⁼
French,"fQ""Iy",ᗐₒⴱᘖᴺ
French fries,fQ!ENAEN,ᗐₒⵀṾ¦ᐸṾ¦
Frequent [person],b(d%GLy,Πᓂ∣Ȯ̑ᕤ☓ᴺ
Frequent [place],b(%GLy,ΠᓂȮ̑ᕤ☓ᴺ
Friday,"fQ""Hy",ᗐₒⴱꕊᴺ
Friend,dR##LJxL,∣℩ⵚⵚ☓ᘕᙾ☓
Friendly,p(57KAB,Жᓂᒍᒐ≈ᐸᐳ
Frog,"s""6Mhy",രⴱ⩇ⴳ⫪ᴺ
From 1,d((LJ%FdR,∣ᓂᓂ☓ᘕȮ̑ᘐ∣℩
From 2,dR(d%PLJ%F,∣℩ᓂ∣Ȯ̑⸝☓ᘕȮ̑ᘐ
Front,b!0E9N,ΠⵀᨓṾɤ¦
Front (cl),b!NS,Πⵀ¦⁊
Fruit,fQ!5MHy,ᗐₒⵀᒍⴳꕊᴺ
Frustrated,"b""6FLzz",Πⴱ⩇ᘐ☓⁷⁷
Full,p!s%BMB,ЖⵀരȮ̑ᐳⴳᐳ
Full (stomach),"b""6DL",Πⴱ⩇ᐲ☓
Full skirt,b$;=AExy,ΠⵕᕟᕞᐸṾᙾᴺ
Fun,"h#3L-h#""QL",⫪ⵚ⦣☓-⫪ⵚⴱₒ☓
Funny,h#3LEy,⫪ⵚ⦣☓Ṿᴺ
Furniture,fQ&Cy,ᗐₒỌ̮ⵢᴺ
Future,bP%5LGENGE,Π⸝Ȯ̑ᒍ☓ᕤṾ¦ᕤṾ
Gallop,u%%EFuRvy,ᐯȮ̑Ȯ̑Ṿᘐᐯ℩⁼ᴺ
Game,aP((BALy,റ⸝ᓂᓂᐳᐸ☓ᴺ
Garage,uP%b!Gy,ᐯ⸝Ȯ̑Πⵀᕤᴺ
Gasoline 1,aP%s%Ly,റ⸝Ȯ̑രȮ̑☓ᴺ
Gasoline 2,aP%s%ELy,റ⸝Ȯ̑രȮ̑Ṿ☓ᴺ
Germany,p&%MKvy,ЖỌ̮Ȯ̑ⴳ≈⁼ᴺ
Gesture,p!!GEwy,ЖⵀⵀᕤṾᣛᴺ
Get,pR&%FsLv,Ж℩Ọ̮Ȯ̑ᘐര☓⁼
Get along,bS((Gv,Π⁊ᓂᓂᕤ⁼
Get in,hR#c%IL,⫪℩ⵚСȮ̑ᘖ☓
Get out 1,hR#c%LA,⫪℩ⵚСȮ̑☓ᐸ
Get out 2,hR#c%LIA,⫪℩ⵚСȮ̑☓ᘖᐸ
Get sick 1,qP!0FL,ᕬ⸝ⵀᨓᘐ☓
Get sick 2,qP!09FLv,ᕬ⸝ⵀᨓɤᘐ☓⁼
Giraffe,c!9(LDG,Сⵀɤᓂ☓ᐲᕤ
Girl,aP%5LGy,റ⸝Ȯ̑ᒍ☓ᕤᴺ
Give,"oS""J""G",О⁊ⴱᘕⴱᕤ
Give out,oS%GyAB,О⁊Ȯ̑ᕤᴺᐸᐳ
Give turn to,"dP""JA",∣⸝ⴱᘕᐸ
Give up,h!8SNJ!kv,⫪ⵀᑯ⁊¦ᘕⵀ७⁼
Gloves,"p#""LFy",Жⵚⴱ☓ᘐᴺ
Glue,iP%b!MGy,Һ⸝Ȯ̑Πⵀⴳᕤᴺ
Go,d!J!G,∣ⵀᘕⵀᕤ
Go away,"b""GJ""",Πⴱᕤᘕⴱ
Go by ship,uP(8SG,ᐯ⸝ᓂᑯ⁊ᕤ
Go out,"p""/GoS",ЖⴱᖌᕤО⁊
Go over,b&%DJ&GE,ΠỌ̮Ȯ̑ᐲᘕỌ̮ᕤṾ
Go to bed,h(o*QGMG,⫪ᓂОⴲₒᕤⴳᕤ
Goal,d(0L-d(%PGvy,∣ᓂᨓ☓-∣ᓂȮ̑⸝ᕤ⁼ᴺ
God,b%0SJ%E,ΠȮ̑ᨓ⁊ᘕȮ̑Ṿ
Gold,jP(2L-iP&Iy,Ч⸝ᓂᒙ☓-Һ⸝Ọ̮ᘖᴺ
Good,b#6LGN,Πⵚ⩇☓ᕤ¦
Goose,"hZ""6L-hQ!)PLy",⫪⊥ⴱ⩇☓-⫪ₒⵀᓇ⸝☓ᴺ
Gorilla,a!8:FLwy,റⵀᑯᑲᘐ☓ᣛᴺ
Gossip,g%6Lv-g!!oQvyH,⊃Ȯ̑⩇☓⁼-⊃ⵀⵀОₒ⁼ᴺꕊ
Government 1,d(/JdRBdL,∣ᓂᖌᘕ∣℩ᐳ∣☓
Government 2,d(/HL,∣ᓂᖌꕊ☓
Grab,c&GEFszz,СỌ̮ᕤṾᘐര⁷⁷
Graduate,g&b!HL,⊃Ọ̮Πⵀꕊ☓
Grandfather,p%0LGENGE,ЖȮ̑ᨓ☓ᕤṾ¦ᕤṾ
Grandmother,p%6LGENGE,ЖȮ̑⩇☓ᕤṾ¦ᕤṾ
Grape,fQ!6LIy,ᗐₒⵀ⩇☓ᘖᴺ
Grass,pR$6LGEy,Ж℩ⵕ⩇☓ᕤṾᴺ
Gravy,q*b&LEy,ᕬⴲΠỌ̮☓Ṿᴺ
Gray,p((GLGwy,Жᓂᓂᕤ☓ᕤᣛᴺ
Greece,g%3LEy,⊃Ȯ̑⦣☓Ṿᴺ
Green,g&Iy,⊃Ọ̮ᘖᴺ
Group 1,pR%%JGv,Ж℩Ȯ̑Ȯ̑ᘕᕤ⁼
Group 2,pR%%LJLv,Ж℩Ȯ̑Ȯ̑☓ᘕ☓⁼
Group 3,c%%LJLv,СȮ̑Ȯ̑☓ᘕ☓⁼
Group 4,g%%LJLv,⊃Ȯ̑Ȯ̑☓ᘕ☓⁼
Guess,c%0BEs,СȮ̑ᨓᐳṾര
Gum,h(5MhRy,⫪ᓂᒍⴳ⫪℩ᴺ
Gush,f%6L-s!b!DBb,ᗐȮ̑⩇☓-രⵀΠⵀᐲᐳΠ
Gym,oQ!8:Hvy,Оₒⵀᑯᑲꕊ⁼ᴺ
Hair,fQ*/MGy,ᗐₒⴲᖌⴳᕤᴺ
Half-time,b%n+BL,ΠȮ̑ቨ◷ᐳ☓
Hamburger,c**LJxL,Сⴲⴲ☓ᘕᙾ☓
Hammer,aQ(%ENy,റₒᓂȮ̑Ṿ¦ᴺ
Hand,"b""!MFw",Πⴱⵀⴳᘐᣛ
Hand down,oS!!:GEyG,О⁊ⵀⵀᑲᕤṾᴺᕤ
Handsome,d(3H-b!!MG,∣ᓂ⦣ꕊ-Πⵀⵀⴳᕤ
Hang a person,s%8(LDAN,രȮ̑ᑯᓂ☓ᐲᐸ¦
Hang a picture,dR#d(SEL,∣℩ⵚ∣ᓂ⁊Ṿ☓
Happy,b!9LDy,Πⵀɤ☓ᐲᴺ
Hard,uR&%ELzz,ᐯ℩Ọ̮Ȯ̑Ṿ☓⁷⁷
Hard of hearing,h&ENAE,⫪Ọ̮Ṿ¦ᐸṾ
Hat,b#0(ELy,ΠⵚᨓᓂṾ☓ᴺ
Hatch,h&P%PLIEv,⫪Ọ̮⸝Ȯ̑⸝☓ᘖṾ⁼
Hate,q(GqPzzv,ᕬᓂᕤᕬ⸝⁷⁷⁼
Have,bU!9Lv,Π⁊⸝ⵀɤ☓⁼
Have an accident,p((BAsLzz,Жᓂᓂᐳᐸര☓⁷⁷
Head 1,bS!/LE6L,Π⁊ⵀᖌ☓Ṿ⩇☓
Head 2,bS!5LEL,Π⁊ⵀᒍ☓Ṿ☓
Head cold,aQ*3LGy,റₒⴲ⦣☓ᕤᴺ
Headache,dS!!0BAy,∣⁊ⵀⵀᨓᐳᐸᴺ
Healthy,pR!8:LGsv,Ж℩ⵀᑯᑲ☓ᕤര⁼
Hear,d#2BL,∣ⵚᒙᐳ☓
Hearing,d#6LDGy,∣ⵚ⩇☓ᐲᕤᴺ
Heart,qP!:HL,ᕬ⸝ⵀᑲꕊ☓
Heaven,bS!!Hw-ABN,Π⁊ⵀⵀꕊᣛ-ᐸᐳ¦
Heavy,"bR""Evz",Π℩ⴱṾ⁼⁷
Hebrew,pS#6LEoSy,Ж⁊ⵚ⩇☓ṾО⁊ᴺ
Height,d%P0ELy,∣Ȯ̑⸝ᨓṾ☓ᴺ
Helicopter,p!uP%MJy,Жⵀᐯ⸝Ȯ̑ⴳᘕᴺ
Hell,"h"":SA;S",⫪ⴱᑲ⁊ᐸᕟ⁊
Help,aP&b!LDv,റ⸝Ọ̮Πⵀ☓ᐲ⁼
Hen,uP%6Ly,ᐯ⸝Ȯ̑⩇☓ᴺ
Here,b&&BAy,ΠỌ̮Ọ̮ᐳᐸᴺ
Hide,a%6L-a%c*L,റȮ̑⩇☓-റȮ̑Сⴲ☓
High,h%D,⫪Ȯ̑ᐲ
Hike,dR!8:FLvy,∣℩ⵀᑯᑲᘐ☓⁼ᴺ
Himself (herself),aP(8SGy,റ⸝ᓂᑯ⁊ᕤᴺ
Hip,bS!;Ly,Π⁊ⵀᕟ☓ᴺ
"His, her, its",b!8PGN,Πⵀᑯ⸝ᕤ¦
Hit,d##BLB,∣ⵚⵚᐳ☓ᐳ
Hold,s&Hzzy,രỌ̮ꕊ⁷⁷ᴺ
Hold back,c&9MEs,СỌ̮ɤⴳṾര
Hold cylinder (cl),c!NS,Сⵀ¦⁊
Holland 1,iP%3LEG,Һ⸝Ȯ̑⦣☓Ṿᕤ
Holland 2,pS!/1ABoS,Ж⁊ⵀᖌᖍᐸᐳО⁊
Home,o!5LFL,Оⵀᒍ☓ᘐ☓
Honor,h%P0LEG,⫪Ȯ̑⸝ᨓ☓Ṿᕤ
Hope,b%5S:SNbSvy,ΠȮ̑ᒍ⁊ᑲ⁊¦Π⁊⁼ᴺ
Horse,hP%/MhUy,⫪⸝Ȯ̑ᖌⴳ⫪⁊⸝ᴺ
Hospital,"h#)PMA-h""Q)PME",⫪ⵚᓇ⸝ⴳᐸ-⫪ⴱₒᓇ⸝ⴳṾ
Hot,pR!6IE,Ж℩ⵀ⩇ᘖṾ
Hour,d!b!MH,∣ⵀΠⵀⴳꕊ
House,b((EABN-b!!Ev,ΠᓂᓂṾᐸᐳ¦-ΠⵀⵀṾ⁼
How,bT((LJv,Π℩⸝ᓂᓂ☓ᘕ⁼
How many,s!Dpv,രⵀᐲЖ⁼
How much money?,"s""b!LDp",രⴱΠⵀ☓ᐲЖ
Hug,s!:8Lv,രⵀᑲᑯ☓⁼
Huh,"p"";=Ev",ЖⴱᕟᕞṾ⁼
Human,h#8:LELv,⫪ⵚᑯᑲ☓Ṿ☓⁼
Humble,d%P6L-b&!ME,∣Ȯ̑⸝⩇☓-ΠỌ̮ⵀⴳṾ
Hungry,pR!9ME,Ж℩ⵀɤⴳṾ
Hunh-uh,p&Ay,ЖỌ̮ᐸᴺ
Hurry,h&Evy,⫪Ọ̮Ṿ⁼ᴺ
Hurt 1,d((JxBAz,∣ᓂᓂᘕᙾᐳᐸ⁷
Hurt 2,uU$3FhQL,ᐯ⁊⸝ⵕ⦣ᘐ⫪ₒ☓
Hurt feelings,q!8FLzz,ᕬⵀᑯᘐ☓⁷⁷
Husband,c%0L-c**L,СȮ̑ᨓ☓-Сⴲⴲ☓
Husky,dP!8:GAB,∣⸝ⵀᑯᑲᕤᐸᐳ
I,d(9L,∣ᓂɤ☓
Ice cream,s%6LEGy,രȮ̑⩇☓Ṿᕤᴺ
Ice skate (v) 1,dR&&Gvy,∣℩Ọ̮Ọ̮ᕤ⁼ᴺ
Ice skate (v) 2,dR&&Gwy,∣℩Ọ̮Ọ̮ᕤᣛᴺ
Ice skates (n) 1,dR&&Gvzzy,∣℩Ọ̮Ọ̮ᕤ⁼⁷⁷ᴺ
Ice skates (n) 2,dR&&Gwzzy,∣℩Ọ̮Ọ̮ᕤᣛ⁷⁷ᴺ
Idea,i(0LG,Һᓂᨓ☓ᕤ
If 1,i(/LGy,Һᓂᖌ☓ᕤᴺ
If 2,i(5LGy,Һᓂᒍ☓ᕤᴺ
Ignore,n(3LGE,ቨᓂ⦣☓ᕤṾ
Imagine,i(0LG,Һᓂᨓ☓ᕤ
Important,fQ%%IBAL,ᗐₒȮ̑Ȯ̑ᘖᐳᐸ☓
Improve,"b&""SLFL",ΠỌ̮ⴱ⁊☓ᘐ☓
In,oS!o%EL,О⁊ⵀОȮ̑Ṿ☓
"Increase, raise in pay, put on weight","h#""QIL",⫪ⵚⴱₒᘖ☓
Independent,"i""S#SLIAB",Һⴱ⁊ⵚ⁊☓ᘖᐸᐳ
India,aP#0L,റ⸝ⵚᨓ☓
Indian (american),fQ!3LD/L,ᗐₒⵀ⦣☓ᐲᖌ☓
Inform,o!09SLGpSv,Оⵀᨓɤ⁊☓ᕤЖ⁊⁼
Inject,uP(S)PFhQL,ᐯ⸝ᓂ⁊ᓇ⸝ᘐ⫪ₒ☓
Innocent,h#6LEAB,⫪ⵚ⩇☓Ṿᐸᐳ
Insect,uP%3MuTy,ᐯ⸝Ȯ̑⦣ⴳᐯ℩⸝ᴺ
Insert,oS!cS*BL,О⁊ⵀС⁊ⴲᐳ☓
Inspire,s&<MDp9v,രỌ̮ЭⴳᐲЖɤ⁼
Insult,d(GJ%zz,∣ᓂᕤᘕȮ̑⁷⁷
Interest,p!9<LGqv,ЖⵀɤЭ☓ᕤᕬ⁼
Interest (monetary),i&s!MHy,ҺỌ̮രⵀⴳꕊᴺ
Interpret,fQ!!LJxL,ᗐₒⵀⵀ☓ᘕᙾ☓
Interrupt,b&+GL,ΠỌ̮◷ᕤ☓
Introduce,bS!!;S=SBAL,Π⁊ⵀⵀᕟ⁊ᕞ⁊ᐳᐸ☓
Invest,hT$b!LDG,⫪℩⸝ⵕΠⵀ☓ᐲᕤ
Invite,b&8PEB9S,ΠỌ̮ᑯ⸝Ṿᐳɤ⁊
Ireland 1,"hR!s""HL",⫪℩ⵀരⴱꕊ☓
Ireland 2,"uR!s""HL",ᐯ℩ⵀരⴱꕊ☓
Irish 1,"hR!s""HL",⫪℩ⵀരⴱꕊ☓
Irish 2,"uR!s""HL",ᐯ℩ⵀരⴱꕊ☓
Iron (v),aP(b!MCy,റ⸝ᓂΠⵀⴳⵢᴺ
Iron (n),aP(b!MCzzy,റ⸝ᓂΠⵀⴳⵢ⁷⁷ᴺ
Iron (the element),s&i(LGy,രỌ̮Һᓂ☓ᕤᴺ
Island,"i&s""MHy",ҺỌ̮രⴱⴳꕊᴺ
Israel,i(6LEBLE,Һᓂ⩇☓Ṿᐳ☓Ṿ
Italy,i(0E-i(0A,ҺᓂᨓṾ-Һᓂᨓᐸ
Itself,aP(d%PLy,റ⸝ᓂ∣Ȯ̑⸝☓ᴺ
Jail,"n""Q!Ly",ቨⴱₒⵀ☓ᴺ
Japan 1,g!!LDAx,⊃ⵀⵀ☓ᐲᐸᙾ
Japan 2,i(2MJy,Һᓂᒙⴳᘕᴺ
Jealous,i(6LJG,Һᓂ⩇☓ᘕᕤ
Jelly,i(b!LJD,ҺᓂΠⵀ☓ᘕᐲ
Join 1,gXBAL,⊃ѵᐳᐸ☓
Join 2,fQBAL,ᗐₒᐳᐸ☓
Judge (v),fQ&EDwy,ᗐₒỌ̮Ṿᐲᣛᴺ
Judge (n),fQ&EDwzzy,ᗐₒỌ̮Ṿᐲᣛ⁷⁷ᴺ
Jump,u(b!LDuRy,ᐯᓂΠⵀ☓ᐲᐯ℩ᴺ
Just,dR(5LFy,∣℩ᓂᒍ☓ᘐᴺ
Keep,k&%EL,७Ọ̮Ȯ̑Ṿ☓
Key,dR(b!MJy,∣℩ᓂΠⵀⴳᘕᴺ
Kick,b%&DL,ΠȮ̑Ọ̮ᐲ☓
Kid,j%3MJy,ЧȮ̑⦣ⴳᘕᴺ
Kill 1,d%b!ME,∣Ȯ̑ΠⵀⴳṾ
Kill 2,k%b!ME,७Ȯ̑ΠⵀⴳṾ
Kindergarten,k&Cy,७Ọ̮ⵢᴺ
King,k%:LE;L,७Ȯ̑ᑲ☓Ṿᕟ☓
Kiss,o!5L-o!!L,Оⵀᒍ☓-Оⵀⵀ☓
Kitchen,k!b!LJLy,७ⵀΠⵀ☓ᘕ☓ᴺ
Kite,aQ&9S0SEvy,റₒỌ̮ɤ⁊ᨓ⁊Ṿ⁼ᴺ
Kneel,uR(b!EL,ᐯ℩ᓂΠⵀṾ☓
Knit,d&P%PMIvy,∣Ọ̮⸝Ȯ̑⸝ⴳᘖ⁼ᴺ
Knock,a!b!LSy,റⵀΠⵀ☓⁊ᴺ
Know 1,bU!0FL,Π⁊⸝ⵀᨓᘐ☓
Know 2,bU!0Ly,Π⁊⸝ⵀᨓ☓ᴺ
Know that,b%0LIGEzz,ΠȮ̑ᨓ☓ᘖᕤṾ⁷⁷
Korea,k!2MJy,७ⵀᒙⴳᘕᴺ
Label (v),h#b!MA,⫪ⵚΠⵀⴳᐸ
Label (n),h#b!MAy,⫪ⵚΠⵀⴳᐸᴺ
Land [airplane],jP!b!EBL,Ч⸝ⵀΠⵀṾᐳ☓
Language,dP%%LIyAB,∣⸝Ȯ̑Ȯ̑☓ᘖᴺᐸᐳ
Large,dT!!ABN,∣℩⸝ⵀⵀᐸᐳ¦
Large (cup),"b!""9S<SGNv",Πⵀⴱɤ⁊Э⁊ᕤ¦⁼
Last,i((ELE,ҺᓂᓂṾ☓Ṿ
Late,b!;SJ!,Πⵀᕟ⁊ᘕⵀ
Later,dP%b!MJ,∣⸝Ȯ̑Πⵀⴳᘕ
Laugh,d#57LFvy,∣ⵚᒍᒐ☓ᘐ⁼ᴺ
"Law, Lawyer",dP!b!LEL,∣⸝ⵀΠⵀ☓Ṿ☓
Lawn-mower,s%%Gvy,രȮ̑Ȯ̑ᕤ⁼ᴺ
Lazy,dP!:Ly,∣⸝ⵀᑲ☓ᴺ
Lead,a*b(LGv,റⴲΠᓂ☓ᕤ⁼
Leak,n&8SEy,ቨỌ̮ᑯ⁊Ṿᴺ
Learn,pS!b!LDo0L,Ж⁊ⵀΠⵀ☓ᐲОᨓ☓
Lecture 1,b&5SGy,ΠỌ̮ᒍ⁊ᕤᴺ
Lecture 2,b&5SJ&Gy,ΠỌ̮ᒍ⁊ᘕỌ̮ᕤᴺ
Lemon,dP%6Ly,∣⸝Ȯ̑⩇☓ᴺ
Lend,k&%LGEv,७Ọ̮Ȯ̑☓ᕤṾ⁼
Letter 1,aP#6L-aP##L,റ⸝ⵚ⩇☓-റ⸝ⵚⵚ☓
Letter 2,aP#6L-aP#b!L,റ⸝ⵚ⩇☓-റ⸝ⵚΠⵀ☓
Lettuce,bS$$Ly,Π⁊ⵕⵕ☓ᴺ
Library,dP!Hy,∣⸝ⵀꕊᴺ
License,dP%%BALy,∣⸝Ȯ̑Ȯ̑ᐳᐸ☓ᴺ
Lick,h(5LDy,⫪ᓂᒍ☓ᐲᴺ
Lie,b%6LB,ΠȮ̑⩇☓ᐳ
Lie down,"u""b!EL",ᐯⴱΠⵀṾ☓
Lift,b&&Dv,ΠỌ̮Ọ̮ᐲ⁼
Light (electric),q6DqPLy,ᕬ⩇ᐲᕬ⸝☓ᴺ
Light in weight,qP%%JDAB,ᕬ⸝Ȯ̑Ȯ̑ᘕᐲᐸᐳ
Lightening bolt 1,s(d(LCEd,രᓂ∣ᓂ☓ⵢṾ∣
Lightening bolt 2,d(/SCEzz,∣ᓂᖌ⁊ⵢṾ⁷⁷
Like,qZ!9LGqN,ᕬ⊥ⵀɤ☓ᕤᕬ¦
"Limousine, Cadillac",c&%LFx,СỌ̮Ȯ̑☓ᘐᙾ
Lion,pR!0LDJF,Ж℩ⵀᨓ☓ᐲᘕᘐ
Lip,g*6QMGy,⊃ⴲ⩇ₒⴳᕤᴺ
"Lip-read, read lips",uR!6C,ᐯ℩ⵀ⩇ⵢ
"Lip-read, read lips, oral",uR!6H,ᐯ℩ⵀ⩇ꕊ
Lipstick,dR!6Czzy,∣℩ⵀ⩇ⵢ⁷⁷ᴺ
Liquid,f%6LGEG,ᗐȮ̑⩇☓ᕤṾᕤ
List (n),bS&b!LyE,Π⁊Ọ̮Πⵀ☓ᴺṾ
List (v),oS!b!MyE,О⁊ⵀΠⵀⴳᴺṾ
Listen,c%2L,СȮ̑ᒙ☓
Little bit,aQ&NaPy,റₒỌ̮¦റ⸝ᴺ
Liver,bS!<Ly,Π⁊ⵀЭ☓ᴺ
Living room,dP%9LDy,∣⸝Ȯ̑ɤ☓ᐲᴺ
Lobster,u!!;S=SNhvy,ᐯⵀⵀᕟ⁊ᕞ⁊¦⫪⁼ᴺ
Lock,"s&""JL",രỌ̮ⴱᘕ☓
Lonely,d%P6LEGy,∣Ȯ̑⸝⩇☓Ṿᕤᴺ
Long,"d#""MF""S",∣ⵚⴱⴳᘐⴱ⁊
Long (object),d!!ABN,∣ⵀⵀᐸᐳ¦
Long face,cS!0E,С⁊ⵀᨓṾ
Long hair,b(/1E8:Nv,ΠᓂᖌᖍṾᑯᑲ¦⁼
Long list,b%&LnnKE,ΠȮ̑Ọ̮☓ቨቨ≈Ṿ
Look at,u(8SGN,ᐯᓂᑯ⁊ᕤ¦
Look back,uS!2PF2,ᐯ⁊ⵀᒙ⸝ᘐᒙ
Look for 1,c%3Hy,СȮ̑⦣ꕊᴺ
Look for 2,c%3Hvy,СȮ̑⦣ꕊ⁼ᴺ
Look for 3,c%3HyB,СȮ̑⦣ꕊᴺᐳ
Lose,oS((LIEpv,О⁊ᓂᓂ☓ᘖṾЖ⁼
Lousy,uP%3LE,ᐯ⸝Ȯ̑⦣☓Ṿ
Love,a!:8Lv,റⵀᑲᑯ☓⁼
Low,b!E,ΠⵀṾ
Lunch,dP%6Ly,∣⸝Ȯ̑⩇☓ᴺ
Lung,bS!8:MEDvy,Π⁊ⵀᑯᑲⴳṾᐲ⁼ᴺ
"Machine, mechanical",pR++MI&vy,Ж℩◷◷ⴳᘖỌ̮⁼ᴺ
Magazine,g*b&MDy,⊃ⴲΠỌ̮ⴳᐲᴺ
Magician,s(Gpv-b$;=MEv,രᓂᕤЖ⁼-ΠⵕᕟᕞⴳṾ⁼
Magnify,s(c*LABcc,രᓂСⴲ☓ᐸᐳСС
Make,"s&%LJ""Lv",രỌ̮Ȯ̑☓ᘕⴱ☓⁼
Make a mistake,iP!6FL,Һ⸝ⵀ⩇ᘐ☓
Make-tortillas,b!!LJxL,Πⵀⵀ☓ᘕᙾ☓
Man 1,cS%0LGoSN,С⁊Ȯ̑ᨓ☓ᕤО⁊¦
Man 2,p%0LE9L,ЖȮ̑ᨓ☓Ṿɤ☓
Many,"s""Epv",രⴱṾЖ⁼
March,"n""!9S9PJ""Gvy",ቨⴱⵀɤ⁊ɤ⸝ᘕⴱᕤ⁼ᴺ
Marry,c**HL,Сⴲⴲꕊ☓
Mash,s&b!ELy,രỌ̮ΠⵀṾ☓ᴺ
Mask,b!57IFvy,Πⵀᒍᒐᘖᘐ⁼ᴺ
Match,aQ(b!MJDy,റₒᓂΠⵀⴳᘕᐲᴺ
Math,fS&%LBxy,ᗐ⁊Ọ̮Ȯ̑☓ᐳᙾᴺ
Mean,u(b!LJL,ᐯᓂΠⵀ☓ᘕ☓
Measure,iP%%Lvy,Һ⸝Ȯ̑Ȯ̑☓⁼ᴺ
Measuring tape,aQ((LGy,റₒᓂᓂ☓ᕤᴺ
Meat,fQ*b%MJy,ᗐₒⴲΠȮ̑ⴳᘕᴺ
Medicine,qP!b!MCy,ᕬ⸝ⵀΠⵀⴳⵢᴺ
Meet [a person],d!!BAL,∣ⵀⵀᐳᐸ☓
Meet [as a group],p!!BAoS$$L,ЖⵀⵀᐳᐸО⁊ⵕⵕ☓
Meeting,p!!BAoS$$y,ЖⵀⵀᐳᐸО⁊ⵕⵕᴺ
Memorize,p(0LGs,Жᓂᨓ☓ᕤര
Mexico,dR(8L-dR**L,∣℩ᓂᑯ☓-∣℩ⴲⴲ☓
Microscope,o&%MJ!vy,ОỌ̮Ȯ̑ⴳᘕⵀ⁼ᴺ
Microwave,s!!8S:SBApABs,രⵀⵀᑯ⁊ᑲ⁊ᐳᐸЖᐸᐳര
Milk,c(8SNsy,Сᓂᑯ⁊¦രᴺ
Milk a cow,c&Eswy,СỌ̮Ṿരᣛᴺ
"Minus, negative 1",d%b!BLy,∣Ȯ̑Πⵀᐳ☓ᴺ
"Minus, negative 2",d%b!FLy,∣Ȯ̑Πⵀᘐ☓ᴺ
Minute,d!b!MJ&,∣ⵀΠⵀⴳᘕỌ̮
Mirror,b!3SJy,Πⵀ⦣⁊ᘕᴺ
"Miscellaneous, assorted, various",d#(SLAByA,∣ⵚᓂ⁊☓ᐸᐳᴺᐸ
Mischievous,uP%/1LEuTvy,ᐯ⸝Ȯ̑ᖌᖍ☓Ṿᐯ℩⸝⁼ᴺ
Miss,pR%6BEs,Ж℩Ȯ̑⩇ᐳṾര
"Mistake, error",iP!6Ly,Һ⸝ⵀ⩇☓ᴺ
Mix,pR!!9S<SAFwy,Ж℩ⵀⵀɤ⁊Э⁊ᐸᘐᣛᴺ
Mock,j(Gvy,Чᓂᕤ⁼ᴺ
Monday 1,"mS""Hy",爪⁊ⴱꕊᴺ
Monday 2,"mR""Hy",爪℩ⴱꕊᴺ
Money,oS(b!ELy,О⁊ᓂΠⵀṾ☓ᴺ
Monkey,pR!;=LDvy,Ж℩ⵀᕟᕞ☓ᐲ⁼ᴺ
Month,d&P%PME,∣Ọ̮⸝Ȯ̑⸝ⴳṾ
Mooch,hQ*d(LGvy,⫪ₒⴲ∣ᓂ☓ᕤ⁼ᴺ
Moose,p%/1LEGv,ЖȮ̑ᖌᖍ☓Ṿᕤ⁼
Mop,a($Gvzzy,റᓂⵕᕤ⁼⁷⁷ᴺ
Mop floor,a($GFvy,റᓂⵕᕤᘐ⁼ᴺ
More,o!!Lvy,Оⵀⵀ☓⁼ᴺ
Morning,b)R&MJ!,Πᓇ℩Ọ̮ⴳᘕⵀ
Most,aP!!DLD,റ⸝ⵀⵀᐲ☓ᐲ
Mother,p%6Ly,ЖȮ̑⩇☓ᴺ
Motorcycle 1,s(;S=SIvzzy,രᓂᕟ⁊ᕞ⁊ᘖ⁼⁷⁷ᴺ
Motorcycle 2,"s%%;S=SI""vzzy",രȮ̑Ȯ̑ᕟ⁊ᕞ⁊ᘖⴱ⁼⁷⁷ᴺ
Mouse,d%3ALAy,∣Ȯ̑⦣ᐸ☓ᐸᴺ
Mouth,d(6MH,∣ᓂ⩇ⴳꕊ
Move,o%%8SB:Sv,ОȮ̑Ȯ̑ᑯ⁊ᐳᑲ⁊⁼
Move in a herd,c!!BGBv,Сⵀⵀᐳᕤᐳ⁼
Move out,"oS%%J""Apv",О⁊Ȯ̑Ȯ̑ᘕⴱᐸЖ⁼
Movie,p$b%MJy,ЖⵕΠȮ̑ⴳᘕᴺ
Mow lawn,s%%EGv,രȮ̑Ȯ̑Ṿᕤ⁼
Mull over,o!0KHy,Оⵀᨓ≈ꕊᴺ
Multiply,k&%MBx,७Ọ̮Ȯ̑ⴳᐳᙾ
Mustache,oQ!6MAB,Оₒⵀ⩇ⴳᐸᐳ
My,b!9L,Πⵀɤ☓
Myself,aP(9Ly,റ⸝ᓂɤ☓ᴺ
Nail,aQ(%Ezzy,റₒᓂȮ̑Ṿ⁷⁷ᴺ
Name (v),h&P%PLGv,⫪Ọ̮⸝Ȯ̑⸝☓ᕤ⁼
Name (n),h&P%PLy,⫪Ọ̮⸝Ȯ̑⸝☓ᴺ
Narrow,bS!!BAN,Π⁊ⵀⵀᐳᐸ¦
Near 1,"b!""FL",Πⵀⴱᘐ☓
Near 2,"b""!GL",Πⴱⵀᕤ☓
Neck,bS!8(LEL,Π⁊ⵀᑯᓂ☓Ṿ☓
Necklace,d(9MABDvy,∣ᓂɤⴳᐸᐳᐲ⁼ᴺ
Necktie,h#9ME,⫪ⵚɤⴳṾ
Neighbor,"b!""LGE",Πⵀⴱ☓ᕤṾ
Nephew,hS%/Iy,⫪⁊Ȯ̑ᖌᘖᴺ
Nervous,p!!Ivy,Жⵀⵀᘖ⁼ᴺ
Never 1,b&CE,ΠỌ̮ⵢṾ
Never 2,b&AEA,ΠỌ̮ᐸṾᐸ
New,"bS""b!BLBy",Π⁊ⴱΠⵀᐳ☓ᐳᴺ
New York,iP!b!MGFy,Һ⸝ⵀΠⵀⴳᕤᘐᴺ
Newspaper,g$b!oQLy,⊃ⵕΠⵀОₒ☓ᴺ
Nice,b!!MGN,Πⵀⵀⴳᕤ¦
Niece,hS%5Iy,⫪⁊Ȯ̑ᒍᘖᴺ
Night,bS$b%Ly,Π⁊ⵕΠȮ̑☓ᴺ
No,uP!NhQy,ᐯ⸝ⵀ¦⫪ₒᴺ
Noisy,p(24LIGvy,Жᓂᒙᒜ☓ᘖᕤ⁼ᴺ
None 1,o&ABE,ОỌ̮ᐸᐳṾ
None 2,o&JEvzz,ОỌ̮ᘕṾ⁼⁷⁷
Noon,"b)""Ly",Πᓇⴱ☓ᴺ
North,hS(D,⫪⁊ᓂᐲ
Norway 1,hS%0By,⫪⁊Ȯ̑ᨓᐳᴺ
Norway 2,hS%0Hy,⫪⁊Ȯ̑ᨓꕊᴺ
Nose,d(3Ly,∣ᓂ⦣☓ᴺ
Not,aP#6LGzz,റ⸝ⵚ⩇☓ᕤ⁷⁷
Not mind,d(3LIG,∣ᓂ⦣☓ᘖᕤ
Not yet,b!;SJ!y,Πⵀᕟ⁊ᘕⵀᴺ
Nothing,"s""69SLGpv",രⴱ⩇ɤ⁊☓ᕤЖ⁼
Notice,dR!2QLJGN,∣℩ⵀᒙₒ☓ᘕᕤ¦
Now,"iP""EvN",Һ⸝ⴱṾ⁼¦
Number,o!!LJxL,Оⵀⵀ☓ᘕᙾ☓
Nurse,h#b$SLy,⫪ⵚΠⵕ⁊☓ᴺ
Nut,aP#6LGy,റ⸝ⵚ⩇☓ᕤᴺ
Obey,o!09SLEpv,Оⵀᨓɤ⁊☓ṾЖ⁼
Off (work),p%8:FLv,ЖȮ̑ᑯᑲᘐ☓⁼
Offer,b&&GEv,ΠỌ̮Ọ̮ᕤṾ⁼
Office,"o!!J""vGx",Оⵀⵀᘕⴱ⁼ᕤᙾ
OK,o&GkN,ОỌ̮ᕤ७¦
Okay (v),o&b!EkL,ОỌ̮ΠⵀṾ७☓
Old,c%6LEs,СȮ̑⩇☓Ṿര
On,"b#""EL",ΠⵚⴱṾ☓
Once,d(b!LJD,∣ᓂΠⵀ☓ᘕᐲ
Onion,dR(/MJy,∣℩ᓂᖌⴳᘕᴺ
Only,d!Jzz,∣ⵀᘕ⁷⁷
Open,b%%LJAB,ΠȮ̑Ȯ̑☓ᘕᐸᐳ
Open door,b%%LJA,ΠȮ̑Ȯ̑☓ᘕᐸ
Open drawer,s&&;S=SFv,രỌ̮Ọ̮ᕟ⁊ᕞ⁊ᘐ⁼
Open window,b&%LD,ΠỌ̮Ȯ̑☓ᐲ
Open-a-book,b!!LJv,Πⵀⵀ☓ᘕ⁼
Open-umbrella,s&%LD,രỌ̮Ȯ̑☓ᐲ
Opposite,d((LABE,∣ᓂᓂ☓ᐸᐳṾ
Oppress,b!d(LEvy,Πⵀ∣ᓂ☓Ṿ⁼ᴺ
Or 1,d(dP%L-d(dP(L,∣ᓂ∣⸝Ȯ̑☓-∣ᓂ∣⸝ᓂ☓
Or 2,o(dP%L-o(dP(L,Оᓂ∣⸝Ȯ̑☓-Оᓂ∣⸝ᓂ☓
Orange,c%6Msy,СȮ̑⩇ⴳരᴺ
Orphan,o!6LBL,Оⵀ⩇☓ᐳ☓
Our,bR%8LJB:L,Π℩Ȯ̑ᑯ☓ᘕᐳᑲ☓
Outside,"pS""c*LAo",Ж⁊ⴱСⴲ☓ᐸО
Oven,b!!<S9SG,ΠⵀⵀЭ⁊ɤ⁊ᕤ
"Overlook, miss",b!3J&E,Πⵀ⦣ᘕỌ̮Ṿ
Oversleep,p!3Eo-fQ%b&D,Жⵀ⦣ṾО-ᗐₒȮ̑ΠỌ̮ᐲ
Owe,d(b!Ly,∣ᓂΠⵀ☓ᴺ
Pain,dS!!BAy,∣⁊ⵀⵀᐳᐸᴺ
Paint (v),b(!EDy,ΠᓂⵀṾᐲᴺ
Paint (n),b(!EDzzy,ΠᓂⵀṾᐲ⁷⁷ᴺ
Paint a picture,hP(b!Ev,⫪⸝ᓂΠⵀṾ⁼
"Panties, bikini",cQ!<MABy,СₒⵀЭⴳᐸᐳᴺ
Pants 1,b#;)=)LDbRvy,Πⵚᕟᓇᕞᓇ☓ᐲΠ℩⁼ᴺ
Pants 2,b&;)MEv-b&=)MEv,ΠỌ̮ᕟᓇⴳṾ⁼-ΠỌ̮ᕞᓇⴳṾ⁼
Paper 1,bLBy,Π☓ᐳᴺ
Paper 2,bLBxy,Π☓ᐳᙾᴺ
Parachute,"uS""b!3S9SEv",ᐯ⁊ⴱΠⵀ⦣⁊ɤ⁊Ṿ⁼
Parade,"n""!9S9PJ""Gvzzy",ቨⴱⵀɤ⁊ɤ⸝ᘕⴱᕤ⁼⁷⁷ᴺ
Parallel,d%%Gvz,∣Ȯ̑Ȯ̑ᕤ⁼⁷
Parents,p%6LD0L,ЖȮ̑⩇☓ᐲᨓ☓
Paris,u##BADL,ᐯⵚⵚᐳᐸᐲ☓
"Partner, room-mate",pR++BALy,Ж℩◷◷ᐳᐸ☓ᴺ
Party 1,k%%IxAvy,७Ȯ̑Ȯ̑ᘖᙾᐸ⁼ᴺ
Party 2,k%%Ivy,७Ȯ̑Ȯ̑ᘖ⁼ᴺ
Pass,aP!!GLG,റ⸝ⵀⵀᕤ☓ᕤ
Pass a car,aP($LAG,റ⸝ᓂⵕ☓ᐸᕤ
Patient,a%6ME,റȮ̑⩇ⴳṾ
Pay,"d(b!LJ""",∣ᓂΠⵀ☓ᘕⴱ
Pay attention,b%57LGv,ΠȮ̑ᒍᒐ☓ᕤ⁼
"Pay off, pay in full",qP!b!LF-b!!MG,ᕬ⸝ⵀΠⵀ☓ᘐ-Πⵀⵀⴳᕤ
Peach,o!5MHy,Оⵀᒍⴳꕊᴺ
Peanut,oQ*d(LBy,Оₒⴲ∣ᓂ☓ᐳᴺ
Pear 1,kEear,७ṾΩറ୪
Pear 2,o*(LAo!!L,Оⴲᓂ☓ᐸОⵀⵀ☓
Peek up,s!b%D-uS!b%I,രⵀΠȮ̑ᐲ-ᐯ⁊ⵀΠȮ̑ᘖ
Peer over edge,b%2Q4QLv,ΠȮ̑ᒙₒᒜₒ☓⁼
Pen,oQ!b!LGDzzy,ОₒⵀΠⵀ☓ᕤᐲ⁷⁷ᴺ
People,k!Ewy,७ⵀṾᣛᴺ
Pepper 1,fQ!Ey,ᗐₒⵀṾᴺ
Pepper 2,fQ%Ey,ᗐₒȮ̑Ṿᴺ
Pepsi,i!0BNAz,Һⵀᨓᐳ¦ᐸ⁷
Perch on branch,hR!p+SL,⫪℩ⵀЖ◷⁊☓
Perfect 1,fQ!!HL,ᗐₒⵀⵀꕊ☓
Perfect 2,fQ!!HEL,ᗐₒⵀⵀꕊṾ☓
Perform-surgery,aP%b!MG,റ⸝Ȯ̑Πⵀⴳᕤ
Perpendicular,d(#GL,∣ᓂⵚᕤ☓
Person,k$;=MEv,७ⵕᕟᕞⴳṾ⁼
Pet,"b#""LFy",Πⵚⴱ☓ᘐᴺ
"Phone, telephone (v)",iP!5L,Һ⸝ⵀᒍ☓
"Phone, telephone (n)",iP!5Ly,Һ⸝ⵀᒍ☓ᴺ
Piano,pR%%KCvzzy,Ж℩Ȯ̑Ȯ̑≈ⵢ⁼⁷⁷ᴺ
Pick on,oQ!d%PLy,Оₒⵀ∣Ȯ̑⸝☓ᴺ
Picture,c%5L-c%b!L,СȮ̑ᒍ☓-СȮ̑Πⵀ☓
Pig,"b""6MbSy",Πⴱ⩇ⴳΠ⁊ᴺ
Pigeon,bR%6LJE9L,Π℩Ȯ̑⩇☓ᘕṾɤ☓
Pile,p%%LJABE,ЖȮ̑Ȯ̑☓ᘕᐸᐳṾ
Pill,oQ!6FdPzzy,Оₒⵀ⩇ᘐ∣⸝⁷⁷ᴺ
Pineapple 1,cQ%o%MJ,СₒȮ̑ОȮ̑ⴳᘕ
Pineapple 2,fQ%2QJ!y,ᗐₒȮ̑ᒙₒᘕⵀᴺ
Pink,k!6LEy,७ⵀ⩇☓Ṿᴺ
Pipe,iP%6LGzzy,Һ⸝Ȯ̑⩇☓ᕤ⁷⁷ᴺ
Pity,qP!GEy,ᕬ⸝ⵀᕤṾᴺ
Plaid,"n#p!ME-n""Qp!MA",ቨⵚЖⵀⴳṾ-ቨⴱₒЖⵀⴳᐸ
Plaid (clothing),n#9MA-n!Q9ME,ቨⵚɤⴳᐸ-ቨⵀₒɤⴳṾ
Plan (v),b!!AvyA,Πⵀⵀᐸ⁼ᴺᐸ
Plan(s) (n),b!!Avy,Πⵀⵀᐸ⁼ᴺ
Plant (n),"o""Qc*LDpSy",ОⴱₒСⴲ☓ᐲЖ⁊ᴺ
Plant (v),oS%b%GaN,О⁊Ȯ̑ΠȮ̑ᕤറ¦
Play,iP&Ivy,Һ⸝Ọ̮ᘖ⁼ᴺ
Play baseball,s&%LGBvy,രỌ̮Ȯ̑☓ᕤᐳ⁼ᴺ
Play tennis,aQ!8SJBNIA,റₒⵀᑯ⁊ᘕᐳ¦ᘖᐸ
Please,b!9MHy,Πⵀɤⴳꕊᴺ
Plug [in],u++GL,ᐯ◷◷ᕤ☓
Plum,k!5MHy,७ⵀᒍⴳꕊᴺ
Plumber,u+d%MJ%y,ᐯ◷∣Ȯ̑ⴳᘕȮ̑ᴺ
Plunge into,"s%b""2S;SJELzz",രȮ̑Πⴱᒙ⁊ᕟ⁊ᘕṾ☓⁷⁷
"Point, score",d#(ELy,∣ⵚᓂṾ☓ᴺ
Poison,"uR""S$SLy",ᐯ℩ⴱ⁊ⵕ⁊☓ᴺ
Poland,aP#3LDy,റ⸝ⵚ⦣☓ᐲᴺ
Police,c%:Ly,СȮ̑ᑲ☓ᴺ
Polish [a hard surface],"a!s""MFGy",റⵀരⴱⴳᘐᕤᴺ
Polite,p%9Ly,ЖȮ̑ɤ☓ᴺ
Polka-dot,fQ&b!LyCE,ᗐₒỌ̮Πⵀ☓ᴺⵢṾ
Poor,o*)LEy,Оⴲᓇ☓Ṿᴺ
Popular,pR!d%PLy,Ж℩ⵀ∣Ȯ̑⸝☓ᴺ
Postpone,fQ!!LGE,ᗐₒⵀⵀ☓ᕤṾ
Potato,"uR!s""Ly",ᐯ℩ⵀരⴱ☓ᴺ
Pour [into a cup],iP%c%IB,Һ⸝Ȯ̑СȮ̑ᘖᐳ
Pour out [a cup],c%IE,СȮ̑ᘖṾ
Pour out [bucket] 1,c!!GJEv,СⵀⵀᕤᘕṾ⁼
Pour out [bucket] 2,c!!GJ&Ev,СⵀⵀᕤᘕỌ̮Ṿ⁼
"Practice, polish",a!d%MGFy,റⵀ∣Ȯ̑ⴳᕤᘐᴺ
Praise (v),d(6L-b!!Ly,∣ᓂ⩇☓-Πⵀⵀ☓ᴺ
Praise (n),d(6L-b!!Lzzy,∣ᓂ⩇☓-Πⵀⵀ☓⁷⁷ᴺ
Preach,fQ!5SGy,ᗐₒⵀᒍ⁊ᕤᴺ
Pregnant,p!<GE,ЖⵀЭᕤṾ
Prepone,fQ!!LDF,ᗐₒⵀⵀ☓ᐲᘐ
Present,d!!GENv,∣ⵀⵀᕤṾ¦⁼
President,pR%/1EABsv,Ж℩Ȯ̑ᖌᖍṾᐸᐳര⁼
Pretty,p!3BEoS,Жⵀ⦣ᐳṾО⁊
Prevent,b&%GL,ΠỌ̮Ȯ̑ᕤ☓
Price,fQ!!Lvy,ᗐₒⵀⵀ☓⁼ᴺ
Priest,g%9(LAy,⊃Ȯ̑ɤᓂ☓ᐸᴺ
"Prince, princess",k!:LE;L,७ⵀᑲ☓Ṿᕟ☓
Principal,"k!b""HL",७ⵀΠⴱꕊ☓
Print,g$b!EoQL,⊃ⵕΠⵀṾОₒ☓
Problem,uR((LJxL,ᐯ℩ᓂᓂ☓ᘕᙾ☓
Profit (v),fQ%8ME,ᗐₒȮ̑ᑯⴳṾ
Profit (n),fQ%8MEy,ᗐₒȮ̑ᑯⴳṾᴺ
Program,"k!b!ME-k!b""ME",७ⵀΠⵀⴳṾ-७ⵀΠⴱⴳṾ
Prohibit,dP!b!BLzz,∣⸝ⵀΠⵀᐳ☓⁷⁷
Promise,d(6L-b!s%L,∣ᓂ⩇☓-ΠⵀരȮ̑☓
Promote,bS!!8:Dv,Π⁊ⵀⵀᑯᑲᐲ⁼
Promotion,bS!!8S:SDv,Π⁊ⵀⵀᑯ⁊ᑲ⁊ᐲ⁼
"Proof, evidence","b""!ELy",ΠⴱⵀṾ☓ᴺ
Proud,aP%9MD,റ⸝Ȯ̑ɤⴳᐲ
Prove,"b""!ELzz",ΠⴱⵀṾ☓⁷⁷
Pull,s%&9PFv,രȮ̑Ọ̮ɤ⸝ᘐ⁼
Pull down,a!6S:SDv-E;S=S,റⵀ⩇⁊ᑲ⁊ᐲ⁼-Ṿᕟ⁊ᕞ⁊
Pull-up-blankets,b%9<DFLv,ΠȮ̑ɤЭᐲᘐ☓⁼
Pumpkin,"q!s""qPLy",ᕬⵀരⴱᕬ⸝☓ᴺ
"Puncture, penetrate",d(b+MG,∣ᓂΠ◷ⴳᕤ
Punish,d%P)ELE,∣Ȯ̑⸝ᓇṾ☓Ṿ
Purple,k!Iy,७ⵀᘖᴺ
Push,b!GNv,Πⵀᕤ¦⁼
Put,oS(J!GN,О⁊ᓂᘕⵀᕤ¦
Put on crown,bR!/1Ev,Π℩ⵀᖌᖍṾ⁼
Put on glasses,gX%2Q4QFLv,⊃ѵȮ̑ᒙₒᒜₒᘐ☓⁼
Put on top,o!8SDGN,Оⵀᑯ⁊ᐲᕤ¦
Put under,"oS!/SN-oS""b!GN",О⁊ⵀᖌ⁊¦-О⁊ⴱΠⵀᕤ¦
Put up on shelf,"oS(b""0PGL",О⁊ᓂΠⴱᨓ⸝ᕤ☓
Queen,g%:LE;L,⊃Ȯ̑ᑲ☓Ṿᕟ☓
Quick 1,aQ!!EaPzzv,റₒⵀⵀṾറ⸝⁷⁷⁼
Quick 2,aQ!!J&EaPzzv,റₒⵀⵀᘕỌ̮Ṿറ⸝⁷⁷⁼
"Quit, withdraw",h(o*LF,⫪ᓂОⴲ☓ᘐ
Rabbit,h&/1MhSvy,⫪Ọ̮ᖌᖍⴳ⫪⁊⁼ᴺ
Raccoon,u#2Q4QABhy,ᐯⵚᒙₒᒜₒᐸᐳ⫪ᴺ
Race (v),aP!!JIxy,റ⸝ⵀⵀᘕᘖᙾᴺ
Race (n),aP!!Jxzzy,റ⸝ⵀⵀᘕᙾ⁷⁷ᴺ
Rain (v),pR!8S:SEvy,Ж℩ⵀᑯ⁊ᑲ⁊Ṿ⁼ᴺ
Rain (n),pR!8S:SEvzzy,Ж℩ⵀᑯ⁊ᑲ⁊Ṿ⁼⁷⁷ᴺ
Raisin,"pR!bR""LyA",Ж℩ⵀΠ℩ⴱ☓ᴺᐸ
Rake (v),pR!b!LFy,Ж℩ⵀΠⵀ☓ᘐᴺ
Rake (n),pR!b!LFzzy,Ж℩ⵀΠⵀ☓ᘐ⁷⁷ᴺ
Ram,r(/1LHGv,୪ᓂᖌᖍ☓ꕊᕤ⁼
Rat,r%3BLBy,୪Ȯ̑⦣ᐳ☓ᐳᴺ
Read,u(b!LEy,ᐯᓂΠⵀ☓Ṿᴺ
Real,d%6LDG,∣Ȯ̑⩇☓ᐲᕤ
Rearrange,oS(Hwy,О⁊ᓂꕊᣛᴺ
Record player,qP!!Hwy,ᕬ⸝ⵀⵀꕊᣛᴺ
Rectangle 1,dP!!LABoQ,∣⸝ⵀⵀ☓ᐸᐳОₒ
Rectangle 2,g!!LABoQv,⊃ⵀⵀ☓ᐸᐳОₒ⁼
Red,d#6LEdRy,∣ⵚ⩇☓Ṿ∣℩ᴺ
Reflect,r(b!BLG,୪ᓂΠⵀᐳ☓ᕤ
Refrigerator,s$$ABzzy-b%%LABN-b&8S:SENv,രⵕⵕᐸᐳ⁷⁷ᴺ-ΠȮ̑Ȯ̑☓ᐸᐳ¦-ΠỌ̮ᑯ⁊ᑲ⁊Ṿ¦⁼
Refuel,aP%s%IEL,റ⸝Ȯ̑രȮ̑ᘖṾ☓
Refuse,aP%8FN,റ⸝Ȯ̑ᑯᘐ¦
Regularly,d&%LyG,∣Ọ̮Ȯ̑☓ᴺᕤ
Reject,bR!b!LDbzz,Π℩ⵀΠⵀ☓ᐲΠ⁷⁷
Relieved,b%9<MEv,ΠȮ̑ɤЭⴳṾ⁼
Religion,r(:LIG,୪ᓂᑲ☓ᘖᕤ
Remember 1,aP#0L-aP#(L,റ⸝ⵚᨓ☓-റ⸝ⵚᓂ☓
Remember 2,aP#0L-aP##L,റ⸝ⵚᨓ☓-റ⸝ⵚⵚ☓
Remind,"bS!s""GLy",Π⁊ⵀരⴱᕤ☓ᴺ
Remote control,dR(NaQy,∣℩ᓂ¦റₒᴺ
Remove,c!b!ELEs,СⵀΠⵀṾ☓Ṿര
Renovate,"b&s""SLFDy",ΠỌ̮രⴱ⁊☓ᘐᐲᴺ
"Repossess, take over, take by force",c%%DsNvzz,СȮ̑Ȯ̑ᐲര¦⁼⁷⁷
"Resemble, look like",d(3H-iP&Ay,∣ᓂ⦣ꕊ-Һ⸝Ọ̮ᐸᴺ
Rest,b!:8Lv,Πⵀᑲᑯ☓⁼
Restaurant,r(6LBL,୪ᓂ⩇☓ᐳ☓
Restroom,r!ENAE,୪ⵀṾ¦ᐸṾ
Rhinoceros,iP%3LEG,Һ⸝Ȯ̑⦣☓Ṿᕤ
Rich,s&b!LDpR,രỌ̮Πⵀ☓ᐲЖ℩
Ride,hR#c&LGv,⫪℩ⵚСỌ̮☓ᕤ⁼
Rifle 1,dP($8S:PEvy,∣⸝ᓂⵕᑯ⁊ᑲ⸝Ṿ⁼ᴺ
Rifle 2,dP($8S:PGvy,∣⸝ᓂⵕᑯ⁊ᑲ⸝ᕤ⁼ᴺ
Right,d&%EL,∣Ọ̮Ȯ̑Ṿ☓
Ring 1,d%b!BLy,∣Ȯ̑Πⵀᐳ☓ᴺ
Ring 2,fQ*p(SMFy,ᗐₒⴲЖᓂ⁊ⴳᘐᴺ
Rise,"p""Dv",Жⴱᐲ⁼
Robber,hS%3L-hP&Ev,⫪⁊Ȯ̑⦣☓-⫪⸝Ọ̮Ṿ⁼
Rock,"a!""Ly",റⵀⴱ☓ᴺ
Rocket,r%b!MDy,୪Ȯ̑Πⵀⴳᐲᴺ
Rocking chair,uP!!J%vy,ᐯ⸝ⵀⵀᘕȮ̑⁼ᴺ
Roll,d((HwyG,∣ᓂᓂꕊᣛᴺᕤ
Roll up,"d!""Hwy",∣ⵀⴱꕊᣛᴺ
Roller skate(s) (n),uR&&GFwzzy,ᐯ℩Ọ̮Ọ̮ᕤᘐᣛ⁷⁷ᴺ
Rollerskate (v),uR&&GFwy,ᐯ℩Ọ̮Ọ̮ᕤᘐᣛᴺ
Roof,b((DBAL,Πᓂᓂᐲᐳᐸ☓
"Room, box",bS(#ABb,Π⁊ᓂⵚᐸᐳΠ
Rooster,uP%0Ly,ᐯ⸝Ȯ̑ᨓ☓ᴺ
Rough,pR!b!LGzz,Ж℩ⵀΠⵀ☓ᕤ⁷⁷
Row,s%%8S:SGEvy,രȮ̑Ȯ̑ᑯ⁊ᑲ⁊ᕤṾ⁼ᴺ
Rub in,"b#s""MFGy",Πⵚരⴱⴳᘐᕤᴺ
Rude,qP!b!LGzz,ᕬ⸝ⵀΠⵀ☓ᕤ⁷⁷
"Ruin, spoil, rot 1",dR&%LG,∣℩Ọ̮Ȯ̑☓ᕤ
"Ruin, spoil, rot 2",dR&%MJ%G,∣℩Ọ̮Ȯ̑ⴳᘕȮ̑ᕤ
Rumble,s&8S:SCwy,രỌ̮ᑯ⁊ᑲ⁊ⵢᣛᴺ
Run,dT+*LKGv,∣℩⸝◷ⴲ☓≈ᕤ⁼
Run around,dT+*LHv,∣℩⸝◷ⴲ☓ꕊ⁼
Russia,p%;=Lvy,ЖȮ̑ᕟᕞ☓⁼ᴺ
Rutted,b%&LIyG,ΠȮ̑Ọ̮☓ᘖᴺᕤ
Sad,p!57Ev,ЖⵀᒍᒐṾ⁼
Salad,pR((BADy,Ж℩ᓂᓂᐳᐸᐲᴺ
Salt,"u#""QMKy",ᐯⵚⴱₒⴳ≈ᴺ
Same,d%%Ly,∣Ȯ̑Ȯ̑☓ᴺ
Sandals,dR*p+LFy,∣℩ⴲЖ◷☓ᘐᴺ
Saturday,"s""Hy",രⴱꕊᴺ
Sausage,c%%LsvyAB,СȮ̑Ȯ̑☓ര⁼ᴺᐸᐳ
Save,"u#s""FLy",ᐯⵚരⴱᘐ☓ᴺ
Save money,oS!o%BLy,О⁊ⵀОȮ̑ᐳ☓ᴺ
Saw,"b&""MGFy",ΠỌ̮ⴱⴳᕤᘐᴺ
Say,d(6Ly,∣ᓂ⩇☓ᴺ
"Say ""no""",hU!GhQ,⫪⁊⸝ⵀᕤ⫪ₒ
"Scale, balance",b%%EDxy,ΠȮ̑Ȯ̑Ṿᐲᙾᴺ
Scare,s!8:BAp,രⵀᑯᑲᐳᐸЖ
Scarf,c!!9HLABo,Сⵀⵀɤꕊ☓ᐸᐳО
School,b!!Ly,Πⵀⵀ☓ᴺ
Scissors,"u""Nhy",ᐯⴱ¦⫪ᴺ
Scold,d&5SJ&Gy,∣Ọ̮ᒍ⁊ᘕỌ̮ᕤᴺ
Scotland,"n#:MA-n"":ME",ቨⵚᑲⴳᐸ-ቨⴱᑲⴳṾ
Scratch,pR!)PMDEy,Ж℩ⵀᓇ⸝ⴳᐲṾᴺ
Screwdriver,h(b!MJy,⫪ᓂΠⵀⴳᘕᴺ
Scrub,a!b!MGFy,റⵀΠⵀⴳᕤᘐᴺ
Secretary,k!5L-k!b!MG,७ⵀᒍ☓-७ⵀΠⵀⴳᕤ
See 1,u(2QLG,ᐯᓂᒙₒ☓ᕤ
See 2,u(3LG,ᐯᓂ⦣☓ᕤ
Seem,bS8SJ,Π⁊ᑯ⁊ᘕ
Sell,"oS%%5S7SJ""v",О⁊Ȯ̑Ȯ̑ᒍ⁊ᒐ⁊ᘕⴱ⁼
Send 1,"bU!b""LGb",Π⁊⸝ⵀΠⴱ☓ᕤΠ
Send 2,"b!""LJ""G",Πⵀⴱ☓ᘕⴱᕤ
Separate,bR((LAB,Π℩ᓂᓂ☓ᐸᐳ
"Servant, service",b&&;S=SGFwzzy,ΠỌ̮Ọ̮ᕟ⁊ᕞ⁊ᕤᘐᣛ⁷⁷ᴺ
Serve,b&&;S=SGFwy,ΠỌ̮Ọ̮ᕟ⁊ᕞ⁊ᕤᘐᣛᴺ
Settle down,p!ENv,ЖⵀṾ¦⁼
Sew,fQ!!LDAy,ᗐₒⵀⵀ☓ᐲᐸᴺ
Sew (machine),dR!b!MGFy,∣℩ⵀΠⵀⴳᕤᘐᴺ
Sewing machine,dR!b!MGFzzy,∣℩ⵀΠⵀⴳᕤᘐ⁷⁷ᴺ
"Shame, be ashamed","bS""Q5LJG",Π⁊ⴱₒᒍ☓ᘕᕤ
Share,b&%MC,ΠỌ̮Ȯ̑ⴳⵢ
Shave [female],dR%5MEy,∣℩Ȯ̑ᒍⴳṾᴺ
Shave [male],iP%5MEy,Һ⸝Ȯ̑ᒍⴳṾᴺ
Shear (v),aQ((BAy,റₒᓂᓂᐳᐸᴺ
Shears,aQ((BAzzy,റₒᓂᓂᐳᐸ⁷⁷ᴺ
Sheep,"u""Q$PLFy",ᐯⴱₒⵕ⸝☓ᘐᴺ
Shelves,b%%LABNyE,ΠȮ̑Ȯ̑☓ᐸᐳ¦ᴺṾ
Ship,uP%b!LGy,ᐯ⸝Ȯ̑Πⵀ☓ᕤᴺ
Shirt,fQ*9LGy,ᗐₒⴲɤ☓ᕤᴺ
Shock 1,pR!;S=SEzzv,Ж℩ⵀᕟ⁊ᕞ⁊Ṿ⁷⁷⁼
Shock 2,s%2Q4QNcv,രȮ̑ᒙₒᒜₒ¦С⁼
Shock (n),s%2Q4QNcvzz,രȮ̑ᒙₒᒜₒ¦С⁼⁷⁷
Shoe,s%%Lvy,രȮ̑Ȯ̑☓⁼ᴺ
Shoot a handgun,dP(GdT,∣⸝ᓂᕤ∣℩⸝
Shoot a rifle,dP($8S:PEv,∣⸝ᓂⵕᑯ⁊ᑲ⸝Ṿ⁼
Shop,oS(b!LGy,О⁊ᓂΠⵀ☓ᕤᴺ
Shopping,oS(b!LGDy,О⁊ᓂΠⵀ☓ᕤᐲᴺ
Short,b!;SEy,Πⵀᕟ⁊Ṿᴺ
Short (object),d!!BAq,∣ⵀⵀᐳᐸᕬ
Short (time),h&S%SMGFy,⫪Ọ̮⁊Ȯ̑⁊ⴳᕤᘐᴺ
Short hair 1,b&57BxLy,ΠỌ̮ᒍᒐᐳᙾ☓ᴺ
Short hair 2,bS&57Lvy,Π⁊Ọ̮ᒍᒐ☓⁼ᴺ
Shoulder,bS!8Ly,Π⁊ⵀᑯ☓ᴺ
Shovel,"bR""Qb!FLFzzy",Π℩ⴱₒΠⵀᘐ☓ᘐ⁷⁷ᴺ
Show,d(b!LGv,∣ᓂΠⵀ☓ᕤ⁼
Shower 1,s!0(Epy,രⵀᨓᓂṾЖᴺ
Shower 2,s!0Fpy,രⵀᨓᘐЖᴺ
Show-me,d(b!LFv,∣ᓂΠⵀ☓ᘐ⁼
Shy,bU(5MJy,Π⁊⸝ᓂᒍⴳᘕᴺ
Sick 1,qP!0Ly,ᕬ⸝ⵀᨓ☓ᴺ
Sick 2,qP!09Lvy,ᕬ⸝ⵀᨓɤ☓⁼ᴺ
Side,bS!;BLy,Π⁊ⵀᕟᐳ☓ᴺ
Sign (v),d((Hwy,∣ᓂᓂꕊᣛᴺ
Sign (n),d((Hwzzy,∣ᓂᓂꕊᣛ⁷⁷ᴺ
Silly,iP%3By,Һ⸝Ȯ̑⦣ᐳᴺ
Silverware,d&P%PMGy-u(b!L-u#6L,∣Ọ̮⸝Ȯ̑⸝ⴳᕤᴺ-ᐯᓂΠⵀ☓-ᐯⵚ⩇☓
Simple,fQ!!ALA,ᗐₒⵀⵀᐸ☓ᐸ
Sing,b&$PJFIGy,ΠỌ̮ⵕ⸝ᘕᘐᘖᕤᴺ
Sink,b!!MH-b&&LAB-b%;S=SDv,Πⵀⵀⴳꕊ-ΠỌ̮Ọ̮☓ᐸᐳ-ΠȮ̑ᕟ⁊ᕞ⁊ᐲ⁼
Sister,dP%6L-dP&%L,∣⸝Ȯ̑⩇☓-∣⸝Ọ̮Ȯ̑☓
Sit,"hR#""QEL",⫪℩ⵚⴱₒṾ☓
Sit in a circle,n%%LJLv,ቨȮ̑Ȯ̑☓ᘕ☓⁼
Size,iP%%Lvzzy,Һ⸝Ȯ̑Ȯ̑☓⁼⁷⁷ᴺ
Skateboard,uR&&Gvy,ᐯ℩Ọ̮Ọ̮ᕤ⁼ᴺ
Ski,dR&&EGv,∣℩Ọ̮Ọ̮Ṿᕤ⁼
Ski cross-country,dR&&AGNBGv,∣℩Ọ̮Ọ̮ᐸᕤ¦ᐳᕤ⁼
Skin,aQ*5MGy,റₒⴲᒍⴳᕤᴺ
Skinny,i((LE,Һᓂᓂ☓Ṿ
Skirt,p%;=LGEv,ЖȮ̑ᕟᕞ☓ᕤṾ⁼
Skis,dR&&EGvy,∣℩Ọ̮Ọ̮Ṿᕤ⁼ᴺ
Skunk,k%0LDF,७Ȯ̑ᨓ☓ᐲᘐ
Slave,"s$S""SLEAEB",രⵕ⁊ⴱ⁊☓ṾᐸṾᐳ
Sleep,pS!3EoS,Ж⁊ⵀ⦣ṾО⁊
Sleepy,p!3EpSy,Жⵀ⦣ṾЖ⁊ᴺ
Slender,b$;=MIEv,ΠⵕᕟᕞⴳᘖṾ⁼
Slice [oblong],b!c%ELEy,ΠⵀСȮ̑Ṿ☓Ṿᴺ
Slide,"hR(b""LEG",⫪℩ᓂΠⴱ☓Ṿᕤ
Slither,dS%bR!CG,∣⁊Ȯ̑Π℩ⵀⵢᕤ
Slow,"b#""MF",Πⵚⴱⴳᘐ
Small,b!!BAy,Πⵀⵀᐳᐸᴺ
Small (cup),b!!Ey,ΠⵀⵀṾᴺ
Small animal (cl),hR&N,⫪℩Ọ̮¦
Smart,d(P0LGzz,∣ᓂ⸝ᨓ☓ᕤ⁷⁷
Smell,b#3DGy,Πⵚ⦣ᐲᕤᴺ
Smile,cS%6LJ!AB,С⁊Ȯ̑⩇☓ᘕⵀᐸᐳ
Smoke [a cigarette],u#6Ly,ᐯⵚ⩇☓ᴺ
"Smoke, steam, reek",pR!!HxyD,Ж℩ⵀⵀꕊᙾᴺᐲ
Smoke-a-pipe,iP%6LGy,Һ⸝Ȯ̑⩇☓ᕤᴺ
Smooth,oS(Gav,О⁊ᓂᕤറ⁼
Snail,"dR!b""MKF",∣℩ⵀΠⴱⴳ≈ᘐ
Snake,"uR""6LHG",ᐯ℩ⴱ⩇☓ꕊᕤ
Snoop,d(3L-dR#%LyG,∣ᓂ⦣☓-∣℩ⵚȮ̑☓ᴺᕤ
Snow,b(8:Lv-p!8S:SKEv,Πᓂᑯᑲ☓⁼-Жⵀᑯ⁊ᑲ⁊≈Ṿ⁼
Soap,b#$LFy,Πⵚⵕ☓ᘐᴺ
Soccer,b%&DLy,ΠȮ̑Ọ̮ᐲ☓ᴺ
Socks,d%%MGFxy,∣Ȯ̑Ȯ̑ⴳᕤᘐᙾᴺ
Soda,fQ!s%LDpEL,ᗐₒⵀരȮ̑☓ᐲЖṾ☓
Soft,"p""EpSvy",ЖⴱṾЖ⁊⁼ᴺ
Soil,oS(8Say,О⁊ᓂᑯ⁊റᴺ
Some,b&!MF,ΠỌ̮ⵀⴳᘐ
Something,"d""Hy",∣ⴱꕊᴺ
Sometimes,d(b!LJDy,∣ᓂΠⵀ☓ᘕᐲᴺ
Son,b%0L-b&)RL,ΠȮ̑ᨓ☓-ΠỌ̮ᓇ℩☓
"Song, music",b&$PJFIGzzy,ΠỌ̮ⵕ⸝ᘕᘐᘖᕤ⁷⁷ᴺ
Sore,s&%Hwy,രỌ̮Ȯ̑ꕊᣛᴺ
Sore throat,g!9(MEy,⊃ⵀɤᓂⴳṾᴺ
Sorry,a!9MH,റⵀɤⴳꕊ
Soup,h(c*-h#6D,⫪ᓂСⴲ-⫪ⵚ⩇ᐲ
Sour,d(6MJ,∣ᓂ⩇ⴳᘕ
South,s&E,രỌ̮Ṿ
"Spain, Mexico 1",dR(8L-dRL,∣℩ᓂᑯ☓-∣℩☓
"Spain, Mexico 2",dR(8:Lv-dRL,∣℩ᓂᑯᑲ☓⁼-∣℩☓
Sparkle,"qP""JyvD",ᕬ⸝ⴱᘕᴺ⁼ᐲ
Spend money,s&;=LGpvy,രỌ̮ᕟᕞ☓ᕤЖ⁼ᴺ
Spider,"pR!""LKGv",Ж℩ⵀⴱ☓≈ᕤ⁼
Spill,oS%%LGABp,О⁊Ȯ̑Ȯ̑☓ᕤᐸᐳЖ
Spin,oQ!J&azz,ОₒⵀᘕỌ̮റ⁷⁷
Spit,"s""6LDGd",രⴱ⩇☓ᐲᕤ∣
Spoon out,"h""Qs%LGE",⫪ⴱₒരȮ̑☓ᕤṾ
Spouse,c**EL,СⴲⴲṾ☓
Spread,oS!!LGABp,О⁊ⵀⵀ☓ᕤᐸᐳЖ
Spread on,h#b!MGyA,⫪ⵚΠⵀⴳᕤᴺᐸ
Spring,"o""c*MDpy",ОⴱСⴲⴳᐲЖᴺ
Sprinkle,oS!b!KH,О⁊ⵀΠⵀ≈ꕊ
Stab,s&b!ELzz,രỌ̮ΠⵀṾ☓⁷⁷
Stamp (postal),h#6L-h##L,⫪ⵚ⩇☓-⫪ⵚⵚ☓
Stamp,s&b!ELzD,രỌ̮ΠⵀṾ☓⁷ᐲ
Stand,u(b!EL,ᐯᓂΠⵀṾ☓
Stand in a circle,n%%LJLv,ቨȮ̑Ȯ̑☓ᘕ☓⁼
"Stand up, get up",uR!b!IL,ᐯ℩ⵀΠⵀᘖ☓
Standing,"aP&b""L",റ⸝Ọ̮Πⴱ☓
Stapler,bT%b%Nay,Π℩⸝Ȯ̑ΠȮ̑¦റᴺ
Stare,nS!8S:SNv,ቨ⁊ⵀᑯ⁊ᑲ⁊¦⁼
Start,d#b+MJ,∣ⵚΠ◷ⴳᘕ
Steal,u!s)AuR,ᐯⵀരᓇᐸᐯ℩
Steps,b%&DJyD,ΠȮ̑Ọ̮ᐲᘕᴺᐲ
Sticky,"p""Eqvy",ЖⴱṾᕬ⁼ᴺ
Still,iP&IGv,Һ⸝Ọ̮ᘖᕤ⁼
Sting,"oQ!b""ELzzD",ОₒⵀΠⴱṾ☓⁷⁷ᐲ
Stir,aQ(c%Hy,റₒᓂСȮ̑ꕊᴺ
Stomach,bS!=Ly,Π⁊ⵀᕞ☓ᴺ
Stone wall,pR!GwyD,Ж℩ⵀᕤᣛᴺᐲ
Stop,b&!EL,ΠỌ̮ⵀṾ☓
Store,"oS%%5S7SJ""vy",О⁊Ȯ̑Ȯ̑ᒍ⁊ᒐ⁊ᘕⴱ⁼ᴺ
Story,fQ**LABy,ᗐₒⴲⴲ☓ᐸᐳᴺ
Straight,b&%MG,ΠỌ̮Ȯ̑ⴳᕤ
Strange,c%3BLJ!,СȮ̑⦣ᐳ☓ᘕⵀ
Strangle 1,c&%MJ!vy,СỌ̮Ȯ̑ⴳᘕⵀ⁼ᴺ
Strangle 2,"c&%MJ""vy",СỌ̮Ȯ̑ⴳᘕⴱ⁼ᴺ
Strangle 3,c&%LGvy,СỌ̮Ȯ̑☓ᕤ⁼ᴺ
Strawberry,d#6LE-a%6L,∣ⵚ⩇☓Ṿ-റȮ̑⩇☓
Strict 1,hR%3FL,⫪℩Ȯ̑⦣ᘐ☓
Strict 2,uR%3FL,ᐯ℩Ȯ̑⦣ᘐ☓
Strike-a-match,aQ(b!LJDG,റₒᓂΠⵀ☓ᘕᐲᕤ
String,i((LA,Һᓂᓂ☓ᐸ
Strong 1,"s""Gzzv",രⴱᕤ⁷⁷⁼
Strong 2,s&Ezzv,രỌ̮Ṿ⁷⁷⁼
Stubborn,bP%/MbUzz,Π⸝Ȯ̑ᖌⴳΠ⁊⸝⁷⁷
Stuck,u(9(FL,ᐯᓂɤᓂᘐ☓
Student,pS!b!LDoS-b&8:Ev,Ж⁊ⵀΠⵀ☓ᐲО⁊-ΠỌ̮ᑯᑲṾ⁼
Study,p(b!KEy,ЖᓂΠⵀ≈Ṿᴺ
Study hard,s!b!Epy,രⵀΠⵀṾЖᴺ
Stupid,"u""0FL",ᐯⴱᨓᘐ☓
Submerge,uP!b&JyE,ᐯ⸝ⵀΠỌ̮ᘕᴺṾ
Subtract,c!b!ELEs,СⵀΠⵀṾ☓Ṿര
Subway,d%b!MGy,∣Ȯ̑Πⵀⴳᕤᴺ
Suffer,s&%GEwy,രỌ̮Ȯ̑ᕤṾᣛᴺ
Sugar,h#6LEy,⫪ⵚ⩇☓Ṿᴺ
Suggest,b&&DGv,ΠỌ̮Ọ̮ᐲᕤ⁼
Suitcase,s(;SEy,രᓂᕟ⁊Ṿᴺ
Summer 1,d%P0MAdR,∣Ȯ̑⸝ᨓⴳᐸ∣℩
Summer 2,d%P0MAdRy,∣Ȯ̑⸝ᨓⴳᐸ∣℩ᴺ
Sunbathe,pS!/Hy,Ж⁊ⵀᖌꕊᴺ
Sunday,b!Hvy,Πⵀꕊ⁼ᴺ
Sunrise,c%b&D,СȮ̑ΠỌ̮ᐲ
Sunset,c%b&E,СȮ̑ΠỌ̮Ṿ
Sunshine,o!/S1SEpv,Оⵀᖌ⁊ᖍ⁊ṾЖ⁼
Surf,"h(""QLEGv",⫪ᓂⴱₒ☓Ṿᕤ⁼
Surfboard,"h(""QLGvy",⫪ᓂⴱₒ☓ᕤ⁼ᴺ
Surgeon,aP%b!MGy,റ⸝Ȯ̑Πⵀⴳᕤᴺ
Surprise,oQ%2Q4QLDdPzzy,ОₒȮ̑ᒙₒᒜₒ☓ᐲ∣⸝⁷⁷ᴺ
Surveyor,iP%%MJy,Һ⸝Ȯ̑Ȯ̑ⴳᘕᴺ
Suspenders,hS!;=FhQLvy,⫪⁊ⵀᕟᕞᘐ⫪ₒ☓⁼ᴺ
Sweat,s(57J!pv,രᓂᒍᒐᘕⵀЖ⁼
Sweater,s$8:MEv,രⵕᑯᑲⴳṾ⁼
Sweden 1,"pS*b""SLDoSy",Ж⁊ⴲΠⴱ⁊☓ᐲО⁊ᴺ
Sweden 2,s%0Ey,രȮ̑ᨓṾᴺ
Sweden 3,s%0Hy,രȮ̑ᨓꕊᴺ
Sweep,b&!FLFy,ΠỌ̮ⵀᘐ☓ᘐᴺ
Sweet,b#6LEy,Πⵚ⩇☓Ṿᴺ
Swell,pR!!LABz,Ж℩ⵀⵀ☓ᐸᐳ⁷
Swim,b%%GABy,ΠȮ̑Ȯ̑ᕤᐸᐳᴺ
Swing,"hR#h""QLJ""GJ!Fvy",⫪℩ⵚ⫪ⴱₒ☓ᘕⴱᕤᘕⵀᘐ⁼ᴺ
Swing a bat,s&%LGBv,രỌ̮Ȯ̑☓ᕤᐳ⁼
Swirl,p((6S9SHwy,Жᓂᓂ⩇⁊ɤ⁊ꕊᣛᴺ
Switch,dR%J%y,∣℩Ȯ̑ᘕȮ̑ᴺ
Switch off,dR%J&EN,∣℩Ȯ̑ᘕỌ̮Ṿ¦
Switch on,dR%J%DN,∣℩Ȯ̑ᘕȮ̑ᐲ¦
Switzerland 1,c!9ME-c!9MA,СⵀɤⴳṾ-Сⵀɤⴳᐸ
Switzerland 2,cQ!9ME-cQ!9MA,СₒⵀɤⴳṾ-Сₒⵀɤⴳᐸ
Table,"b!""PLy",Πⵀⴱ⸝☓ᴺ
Taiwan,s%6J!y,രȮ̑⩇ᘕⵀᴺ
Take 1,"p""FsN",Жⴱᘐര¦
Take 2,p!FsN,Жⵀᘐര¦
Take [someone to a place],b&&G8Pv,ΠỌ̮Ọ̮ᕤᑯ⸝⁼
Take a pill 1,oQ!6FdPy,Оₒⵀ⩇ᘐ∣⸝ᴺ
Take a pill 2,s!6Fdy,രⵀ⩇ᘐ∣ᴺ
Take care of,k&%Ly,७Ọ̮Ȯ̑☓ᴺ
Take it easy,p!ENAENv,ЖⵀṾ¦ᐸṾ¦⁼
Take off [airplane],jP!b!LDG,Ч⸝ⵀΠⵀ☓ᐲᕤ
Take train to,"h#""QLG",⫪ⵚⴱₒ☓ᕤ
Take-a-picture,dP%dT%57NdT,∣⸝Ȯ̑∣℩⸝Ȯ̑ᒍᒐ¦∣℩⸝
Talk,n%6LGy,ቨȮ̑⩇☓ᕤᴺ
Tall,bS(/SDN,Π⁊ᓂᖌ⁊ᐲ¦
Tan,t%5ME,൪Ȯ̑ᒍⴳṾ
"Tap shoulder, remind",bS!8PGNy,Π⁊ⵀᑯ⸝ᕤ¦ᴺ
Taste,qP!6Ly,ᕬ⸝ⵀ⩇☓ᴺ
Tea,fQ!o%MH,ᗐₒⵀОȮ̑ⴳꕊ
Teach,oS&8S:SGvy,О⁊Ọ̮ᑯ⁊ᑲ⁊ᕤ⁼ᴺ
Teacher,oS&8S:SGv-b&8S:SEvN,О⁊Ọ̮ᑯ⁊ᑲ⁊ᕤ⁼-ΠỌ̮ᑯ⁊ᑲ⁊Ṿ⁼¦
"Tear, rip",aQ%%LFx,റₒȮ̑Ȯ̑☓ᘐᙾ
Tears,d(57MEdRvzzy,∣ᓂᒍᒐⴳṾ∣℩⁼⁷⁷ᴺ
Telegram,qP!b!LGy,ᕬ⸝ⵀΠⵀ☓ᕤᴺ
Telegraph,qP!b!LG,ᕬ⸝ⵀΠⵀ☓ᕤ
Telescope,c&%3MJ!y,СỌ̮Ȯ̑⦣ⴳᘕⵀᴺ
Tell,"d""Q6LJ""G",∣ⴱₒ⩇☓ᘕⴱᕤ
Tell-a-story,fQ**LEABy,ᗐₒⴲⴲ☓Ṿᐸᐳᴺ
Tell-him,"d""Q6LJ""G8P",∣ⴱₒ⩇☓ᘕⴱᕤᑯ⸝
Temperature,d&P%PMDEy,∣Ọ̮⸝Ȯ̑⸝ⴳᐲṾᴺ
Tennis,aQ!8SJBNIA,റₒⵀᑯ⁊ᘕᐳ¦ᘖᐸ
Test (n/v),d%%EdRv,∣Ȯ̑Ȯ̑Ṿ∣℩⁼
Test (n),d%%EdRvy,∣Ȯ̑Ȯ̑Ṿ∣℩⁼ᴺ
Thank you,"b#6LJ""G",Πⵚ⩇☓ᘕⴱᕤ
Thanksgiving,b#6L-a&&Gbv,Πⵚ⩇☓-റỌ̮Ọ̮ᕤΠ⁼
That 1,iP!b!BL,Һ⸝ⵀΠⵀᐳ☓
That 2,iP!b!EL,Һ⸝ⵀΠⵀṾ☓
That group,p!8PHy,Жⵀᑯ⸝ꕊᴺ
That one,iP!J!N,Һ⸝ⵀᘕⵀ¦
Their,b!8PGA,Πⵀᑯ⸝ᕤᐸ
Themselves 1,aP(8PGyA,റ⸝ᓂᑯ⸝ᕤᴺᐸ
Themselves 2,aP(8PGA,റ⸝ᓂᑯ⸝ᕤᐸ
There,d(:PN,∣ᓂᑲ⸝¦
Thermometer 1,dS!6Ly,∣⁊ⵀ⩇☓ᴺ
Thermometer 2,d(6Ly,∣ᓂ⩇☓ᴺ
They,d(8PGA,∣ᓂᑯ⸝ᕤᐸ
Thief,u!s)AuRy,ᐯⵀരᓇᐸᐯ℩ᴺ
Thin,g!6ME,⊃ⵀ⩇ⴳṾ
Think,d(0Ly,∣ᓂᨓ☓ᴺ
Think about,d(0Hy,∣ᓂᨓꕊᴺ
Think of,d(0FL,∣ᓂᨓᘐ☓
Thirsty,d#9(ME,∣ⵚɤᓂⴳṾ
This 1,d(b!BL,∣ᓂΠⵀᐳ☓
This 2,d(b!BLy,∣ᓂΠⵀᐳ☓ᴺ
Those two,u&8PBy,ᐯỌ̮ᑯ⸝ᐳᴺ
Throat,b#9(MED,ΠⵚɤᓂⴳṾᐲ
Throw,s&5J&GuP,രỌ̮ᒍᘕỌ̮ᕤᐯ⸝
Throw out,s&%DApv,രỌ̮Ȯ̑ᐲᐸЖ⁼
Thunder,d(2L-s&8S:SCwy,∣ᓂᒙ☓-രỌ̮ᑯ⁊ᑲ⁊ⵢᣛᴺ
Thursday 1,"h""Hy",⫪ⴱꕊᴺ
Thursday 2,t!NJh,൪ⵀ¦ᘕ⫪
Ticket,uR+b&BLy,ᐯ℩◷ΠỌ̮ᐳ☓ᴺ
Tie,aQ((HwLAB,റₒᓂᓂꕊᣛ☓ᐸᐳ
Tiger,pR!57LABy,Ж℩ⵀᒍᒐ☓ᐸᐳᴺ
Tighten with wrench,s%d%PJE,രȮ̑∣Ȯ̑⸝ᘕṾ
Time,"dR!s""SLy",∣℩ⵀരⴱ⁊☓ᴺ
Tiny,g$b!L,⊃ⵕΠⵀ☓
Tiptoe,dS!EwyG,∣⁊ⵀṾᣛᴺᕤ
Tired,bS!8:MJv,Π⁊ⵀᑯᑲⴳᘕ⁼
Today,"iP""Evy",Һ⸝ⴱṾ⁼ᴺ
Together 1,a!!LGvy,റⵀⵀ☓ᕤ⁼ᴺ
Together 2,a!!LHvy,റⵀⵀ☓ꕊ⁼ᴺ
Toilet,t%By,൪Ȯ̑ᐳᴺ
Tomato,"d%P6L-d#""QELE",∣Ȯ̑⸝⩇☓-∣ⵚⴱₒṾ☓Ṿ
Tomorrow,aP%5LJG,റ⸝Ȯ̑ᒍ☓ᘕᕤ
Tongue,d(6QLy,∣ᓂ⩇ₒ☓ᴺ
Too much,"bS#""QLDG",Π⁊ⵚⴱₒ☓ᐲᕤ
Tooth,dR!6QLy,∣℩ⵀ⩇ₒ☓ᴺ
Tooth-brush,d%6Bzzy,∣Ȯ̑⩇ᐳ⁷⁷ᴺ
"Torment, tease hard",oS!6L-oS($Gavy,О⁊ⵀ⩇☓-О⁊ᓂⵕᕤറ⁼ᴺ
Tortilla,b!!LJxLy,Πⵀⵀ☓ᘕᙾ☓ᴺ
Toss and turn,uR!b!LJLy,ᐯ℩ⵀΠⵀ☓ᘕ☓ᴺ
Touch,"qP!s""EL",ᕬ⸝ⵀരⴱṾ☓
Tow,dR##LAv,∣℩ⵚⵚ☓ᐸ⁼
Toward 1,d((GEL,∣ᓂᓂᕤṾ☓
Toward 2,d##GEL,∣ⵚⵚᕤṾ☓
Towel,s%8:Cvzzy,രȮ̑ᑯᑲⵢ⁼⁷⁷ᴺ
Towel-off,s%8:Cxy,രȮ̑ᑯᑲⵢᙾᴺ
Track,oS!3L-oS!b!LyG,О⁊ⵀ⦣☓-О⁊ⵀΠⵀ☓ᴺᕤ
Trade,aQ($GxEv,റₒᓂⵕᕤᙾṾ⁼
Train (n),"h#""QMGFy",⫪ⵚⴱₒⴳᕤᘐᴺ
Train (v),t!d%MGFy,൪ⵀ∣Ȯ̑ⴳᕤᘐᴺ
Training,t!d%MGFzzy,൪ⵀ∣Ȯ̑ⴳᕤᘐ⁷⁷ᴺ
Transfer,uR&IA,ᐯ℩Ọ̮ᘖᐸ
Trash can,d%$PLEF-d%)SL,∣Ȯ̑ⵕ⸝☓Ṿᘐ-∣Ȯ̑ᓇ⁊☓
Travel,d((Hwy,∣ᓂᓂꕊᣛᴺ
"Treat, pay for 1",oS!Ga,О⁊ⵀᕤറ
"Treat, pay for 2",oS(OVGa,О⁊ᓂ¦ᐨʟᕤറ
Tree,"p)b""MJy",ЖᓇΠⴱⴳᘕᴺ
Truck,s((;S=SGFwy,രᓂᓂᕟ⁊ᕞ⁊ᕤᘐᣛᴺ
"Try, strive",s((IGv,രᓂᓂᘖᕤ⁼
Tuesday,"t""Hy",൪ⴱꕊᴺ
Turkey,g%3LE9L,⊃Ȯ̑⦣☓Ṿɤ☓
Turn key,dR(b!MJ,∣℩ᓂΠⵀⴳᘕ
Turn left,b&GJB,ΠỌ̮ᕤᘕᐳ
Turn off light,p!/S1SEoSv,Жⵀᖌ⁊ᖍ⁊ṾО⁊⁼
Turn off water,pR!J%,Ж℩ⵀᘕȮ̑
Turn on light,oS!/S1SDpSv,О⁊ⵀᖌ⁊ᖍ⁊ᐲЖ⁊⁼
Turn on water,pR!J&,Ж℩ⵀᘕỌ̮
Turn over,"b""NVINV",Πⴱ¦ʟᘖ¦ʟ
Turn right,b&GIA,ΠỌ̮ᕤᘖᐸ
Turtle,aP%c*MK,റ⸝Ȯ̑Сⴲⴳ≈
Twin,h%6LBL,⫪Ȯ̑⩇☓ᐳ☓
Type,nT%%KEwy,ቨ℩⸝Ȯ̑Ȯ̑≈Ṿᣛᴺ
Typewriter,nT%%KEwzzy,ቨ℩⸝Ȯ̑Ȯ̑≈Ṿᣛ⁷⁷ᴺ
Ugly,d%3AdR,∣Ȯ̑⦣ᐸ∣℩
Umbrella,s&%LDy,രỌ̮Ȯ̑☓ᐲᴺ
Uncle,h%P5LEy,⫪Ȯ̑⸝ᒍ☓Ṿᴺ
Under,aP%b!<S9SHy,റ⸝Ȯ̑ΠⵀЭ⁊ɤ⁊ꕊᴺ
Underwear,pR!6LEsy,Ж℩ⵀ⩇☓Ṿരᴺ
University,h!b!LADB,⫪ⵀΠⵀ☓ᐸᐲᐳ
Unlatch,fQ**LABp,ᗐₒⴲⴲ☓ᐸᐳЖ
Up,d(D/S,∣ᓂᐲᖌ⁊
Upright inanimate (cl),"aP&b""EL",റ⸝Ọ̮ΠⴱṾ☓
Upset stomach,pR!<MHy,Ж℩ⵀЭⴳꕊᴺ
Us,d(8LB:L,∣ᓂᑯ☓ᐳᑲ☓
Used up 1,c&b!MAs,СỌ̮Πⵀⴳᐸര
Used up 2,c&b!MGs,СỌ̮Πⵀⴳᕤര
Vacation,p%8:FLv,ЖȮ̑ᑯᑲᘐ☓⁼
Vacuum 1,aQ%GFy,റₒȮ̑ᕤᘐᴺ
Vacuum 2,pS!b!MGFy,Ж⁊ⵀΠⵀⴳᕤᘐᴺ
Vacuum cleaner 1,aQ(GFzzy,റₒᓂᕤᘐ⁷⁷ᴺ
Vacuum cleaner 2,pS!b!MGFzzy,Ж⁊ⵀΠⵀⴳᕤᘐ⁷⁷ᴺ
Valentine's day,u##LABDBAEL,ᐯⵚⵚ☓ᐸᐳᐲᐳᐸṾ☓
Vanish,oS!!ABa,О⁊ⵀⵀᐸᐳറ
Various,"d#""QLABvA",∣ⵚⴱₒ☓ᐸᐳ⁼ᐸ
"Various, vary (v)",d((EDxyAB,∣ᓂᓂṾᐲᙾᴺᐸᐳ
Vary,d((DExyAB,∣ᓂᓂᐲṾᙾᴺᐸᐳ
Verbal fight,d((Ivy,∣ᓂᓂᘖ⁼ᴺ
Vest,bS!8:LEvy,Π⁊ⵀᑯᑲ☓Ṿ⁼ᴺ
Videotape,u%b!LHtL,ᐯȮ̑Πⵀ☓ꕊ൪☓
Viet Nam,u%2LhSL,ᐯȮ̑ᒙ☓⫪⁊☓
Visit,"u""GEwy",ᐯⴱᕤṾᣛᴺ
Volunteer,fQ*8LGzzy,ᗐₒⴲᑯ☓ᕤ⁷⁷ᴺ
"Volunteer, apply",fQ*8LGy,ᗐₒⴲᑯ☓ᕤᴺ
Vote,fQ!o*QEL,ᗐₒⵀОⴲₒṾ☓
Wait,p($NK,Жᓂⵕ¦≈
Wake up,oQ%2Q4QMdP,ОₒȮ̑ᒙₒᒜₒⴳ∣⸝
Walk,"b""J""Gwy",Πⴱᘕⴱᕤᣛᴺ
Walk on leash,aQ(G,റₒᓂᕤ
Wall,b%%LEv,ΠȮ̑Ȯ̑☓Ṿ⁼
Walrus,g%6LJEoQv,⊃Ȯ̑⩇☓ᘕṾОₒ⁼
Wander,d(CG,∣ᓂⵢᕤ
Want,"p""EpRNv",ЖⴱṾЖ℩¦⁼
War,n((Cvy,ቨᓂᓂⵢ⁼ᴺ
Warm,sQ!6Gp,രₒⵀ⩇ᕤЖ
Warn,"b#""Ly",Πⵚⴱ☓ᴺ
Wash,b!!MHy,Πⵀⵀⴳꕊᴺ
Wash car,a!Hwy,റⵀꕊᣛᴺ
Wash dishes,a!b!MHy,റⵀΠⵀⴳꕊᴺ
Wash face,b#57Hwy,Πⵚᒍᒐꕊᣛᴺ
Wash windows,a!8S:SHwy,റⵀᑯ⁊ᑲ⁊ꕊᣛᴺ
Washing machine,pR!!Jxy,Ж℩ⵀⵀᘕᙾᴺ
Washington,f(8LGH,ᗐᓂᑯ☓ᕤꕊ
Watch,dT!6LG,∣℩⸝ⵀ⩇☓ᕤ
Water,f%6Ly,ᗐȮ̑⩇☓ᴺ
Water [with a hose],fQ%6L-dT%Ay,ᗐₒȮ̑⩇☓-∣℩⸝Ȯ̑ᐸᴺ
Watermelon,"f%6L-q!b""qPLy",ᗐȮ̑⩇☓-ᕬⵀΠⴱᕬ⸝☓ᴺ
Wave 1,p%%8S:SDEBv,ЖȮ̑Ȯ̑ᑯ⁊ᑲ⁊ᐲṾᐳ⁼
Wave 2,p&By,ЖỌ̮ᐳᴺ
We two,k!FGy,७ⵀᘐᕤᴺ
Weave,"p!""MJ&Gvy",ЖⵀⴱⴳᘕỌ̮ᕤ⁼ᴺ
Wedding,p%%JBAoS*(L,ЖȮ̑Ȯ̑ᘕᐳᐸО⁊ⴲᓂ☓
Wednesday,"f""Hy",ᗐⴱꕊᴺ
Week,d!b!MG,∣ⵀΠⵀⴳᕤ
Weekend,d&Pb%MG-b!(E,∣Ọ̮⸝ΠȮ̑ⴳᕤ-ΠⵀᓂṾ
Weep,dR!2Q:SLIEvy,∣℩ⵀᒙₒᑲ⁊☓ᘖṾ⁼ᴺ
Weld,dP(b!C,∣⸝ᓂΠⵀⵢ
West,f%BN,ᗐȮ̑ᐳ¦
Wet,"p(6L-p""EoSvy",Жᓂ⩇☓-ЖⴱṾО⁊⁼ᴺ
What to do?,dP&&NoQvy,∣⸝Ọ̮Ọ̮¦Оₒ⁼ᴺ
What? 1,p&By,ЖỌ̮ᐳᴺ
What? 2,p&&BAy,ЖỌ̮Ọ̮ᐳᐸᴺ
What?! 1,fQJhat,ᗐₒᘕ⫪റ൪
What?! 2,n&Jt,ቨỌ̮ᘕ൪
When,d((HL,∣ᓂᓂꕊ☓
Where,d&Ay,∣Ọ̮ᐸᴺ
Which,aP%DEwy,റ⸝Ȯ̑ᐲṾᣛᴺ
White,p!9LGo,Жⵀɤ☓ᕤО
White (caucasian),p!9LGo-o!3Fp,Жⵀɤ☓ᕤО-Оⵀ⦣ᘐЖ
Who?,dP%6MK,∣⸝Ȯ̑⩇ⴳ≈
Why 1,p!5SNqPy,Жⵀᒍ⁊¦ᕬ⸝ᴺ
Why 2,bP#0LGiP,Π⸝ⵚᨓ☓ᕤҺ⸝
Wide,b!!ABN,Πⵀⵀᐸᐳ¦
Wife,c%6L-c**L,СȮ̑⩇☓-Сⴲⴲ☓
Wilt,pS$c*KJ!,Ж⁊ⵕСⴲ≈ᘕⵀ
Wind,p!!Cvy,Жⵀⵀⵢ⁼ᴺ
Window,b&%ELy,ΠỌ̮Ȯ̑Ṿ☓ᴺ
Winter 1,f!!;=BAvzzy,ᗐⵀⵀᕟᕞᐳᐸ⁼⁷⁷ᴺ
Winter 2,s!!;=BAvzzy,രⵀⵀᕟᕞᐳᐸ⁼⁷⁷ᴺ
Wise 1,dR%0Ey,∣℩Ȯ̑ᨓṾᴺ
Wise 2,dR%0J!y,∣℩Ȯ̑ᨓᘕⵀᴺ
Wish,pR!9ME,Ж℩ⵀɤⴳṾ
Witch,"dR""3L-dR!!L",∣℩ⴱ⦣☓-∣℩ⵀⵀ☓
With,a!!L,റⵀⵀ☓
Withdraw,pR!b!LDs,Ж℩ⵀΠⵀ☓ᐲര
Without,a!!LABp,റⵀⵀ☓ᐸᐳЖ
Wolf,pR!3LGo,Ж℩ⵀ⦣☓ᕤО
Woman,p%6LE9L,ЖȮ̑⩇☓Ṿɤ☓
Wood,"b&""MGFy",ΠỌ̮ⴱⴳᕤᘐᴺ
Work 1,"s$""Ly",രⵕⴱ☓ᴺ
Work 2,"s$""Lzzy",രⵕⴱ☓⁷⁷ᴺ
Workshop,f%%LJsLv,ᗐȮ̑Ȯ̑☓ᘕര☓⁼
Worm,dR%b!MKG,∣℩Ȯ̑Πⵀⴳ≈ᕤ
Worse,k&%MBx,७Ọ̮Ȯ̑ⴳᐳᙾ
Worship,uR(b!LEFvy,ᐯ℩ᓂΠⵀ☓Ṿᘐ⁼ᴺ
Wow 1,p&J&Ey,ЖỌ̮ᘕỌ̮Ṿᴺ
Wow 2,pR!6J&y,Ж℩ⵀ⩇ᘕỌ̮ᴺ
Wrestle,p++LJ&vy,Ж◷◷☓ᘕỌ̮⁼ᴺ
Wrestling,p++LJvzzy,Ж◷◷☓ᘕ⁼⁷⁷ᴺ
Wring out,s%%MJx,രȮ̑Ȯ̑ⴳᘕᙾ
Wristwatch,"fQ&s""SELy",ᗐₒỌ̮രⴱ⁊Ṿ☓ᴺ
Write,oQ!b!LGy,ОₒⵀΠⵀ☓ᕤᴺ
Wrong,iP!6Ly,Һ⸝ⵀ⩇☓ᴺ
Year,s&%HL,രỌ̮Ȯ̑ꕊ☓
Yell,pR&&6DAB,Ж℩Ọ̮Ọ̮⩇ᐲᐸᐳ
Yellow,iP&Iy,Һ⸝Ọ̮ᘖᴺ
Yes 1,s!J!y,രⵀᘕⵀᴺ
Yes 2,iPes,Һ⸝Ωര
Yes 3,"iP""J""s",Һ⸝ⴱᘕⴱര
Yesterday,aP%5LFL,റ⸝Ȯ̑ᒍ☓ᘐ☓
You,d(9PN,∣ᓂɤ⸝¦
You all,d(9PGA,∣ᓂɤ⸝ᕤᐸ
You two,u%9PBy,ᐯȮ̑ɤ⸝ᐳᴺ
Young,bS!8:LDvy,Π⁊ⵀᑯᑲ☓ᐲ⁼ᴺ
Your,b!9PN,Πⵀɤ⸝¦
Yourself,aP(9PGy,റ⸝ᓂɤ⸝ᕤᴺ
Yugoslavia,iP!:LE;L,Һ⸝ⵀᑲ☓Ṿᕟ☓
Zig-zag stripes,n((DEyA,ቨᓂᓂᐲṾᴺᐸ
Zip,aQ((LDN,റₒᓂᓂ☓ᐲ¦
Zipper,aQ((LDy,റₒᓂᓂ☓ᐲᴺ
